Name,Mean,MeanLB,MeanUB,Stddev,StddevLB,StddevUB
PySR 1 10/warmup,8.553615349835274e-7,8.290307101038376e-7,8.944954194199399e-7,1.0543572922949926e-7,8.737914235541884e-8,1.3422729856068975e-7
PySR 1 10/grad,2.764128194512311e-6,2.6669812802886658e-6,2.8923295065670677e-6,4.1904058162666395e-7,3.447228603867024e-7,5.249307970043695e-7
PySR 1 10/grad2,4.994929502791648e-6,4.85194159654973e-6,5.200841289782426e-6,5.982512398494946e-7,4.396614840117126e-7,8.224479899014867e-7
PySR 1 10/autodiff,2.616590192097013e-4,2.5493910741394973e-4,2.700192831050728e-4,2.399387808433325e-5,2.0557005118644213e-5,2.7864191561449533e-5
PySR 1 20/warmup,1.992707904382395e-6,1.95441050543205e-6,2.0774321098354025e-6,1.6836545054233797e-7,1.2283762403845754e-7,2.769693893544306e-7
PySR 1 20/grad,6.58406114040477e-6,6.260545457586181e-6,7.016858186748473e-6,1.3974135386893175e-6,1.117590547957948e-6,1.8261611853048568e-6
PySR 1 20/grad2,1.0542886923627635e-5,1.0179058429559744e-5,1.0978634006276651e-5,1.3585506627144536e-6,1.094154243704499e-6,1.5619110864819592e-6
PySR 1 20/autodiff,2.52628166396659e-4,2.447206502920495e-4,2.612796411124646e-4,2.8452497166219944e-5,2.416897691305186e-5,3.5870605277517215e-5
PySR 1 30/warmup,2.975393872211344e-6,2.9163965161594245e-6,3.040005294364218e-6,1.9651135190774248e-7,1.6630633327875976e-7,2.3187157693592363e-7
PySR 1 30/grad,1.1709354826881364e-5,1.1439003129598707e-5,1.2137881255156928e-5,1.1533807439653774e-6,8.885889130386028e-7,1.514501507231125e-6
PySR 1 30/grad2,1.6174989171633575e-5,1.6000617561411412e-5,1.638059122165267e-5,6.442800095221891e-7,5.403681370410655e-7,8.319451709383493e-7
PySR 1 30/autodiff,2.8698565755982356e-4,2.808781416670712e-4,2.9513422935041936e-4,2.4432340572486292e-5,1.8850841821449497e-5,3.6705237211768174e-5
PySR 1 40/warmup,3.989377853772393e-6,3.922331765073189e-6,4.063265037291042e-6,2.1959664914454527e-7,1.7731383134511872e-7,2.845301303083178e-7
PySR 1 40/grad,1.630555140232025e-5,1.5998228494250872e-5,1.6646469590892643e-5,1.1425264827031557e-6,9.4969076579992e-7,1.3961030739695062e-6
PySR 1 40/grad2,2.2852402951285116e-5,2.2363149397362227e-5,2.3244122161165952e-5,1.5242647002208406e-6,1.3087790510744044e-6,1.813205692578908e-6
PySR 1 40/autodiff,3.263378899354723e-4,3.0347743205001937e-4,3.9358639012528654e-4,1.238103079411163e-4,3.319333005418363e-5,2.4441390186501596e-4
PySR 1 50/warmup,5.381391379425661e-6,5.183029509000856e-6,5.5996315643639975e-6,7.222663916979498e-7,6.3749438648077e-7,8.047801877599121e-7
PySR 1 50/grad,2.1744898300691963e-5,2.1019074025133608e-5,2.2634181481721785e-5,2.8609110382838103e-6,2.6161707431805454e-6,3.3398198523805463e-6
PySR 1 50/grad2,2.7803935704236293e-5,2.6755177382088097e-5,2.9246091531365235e-5,3.920671389949849e-6,2.8635216267678566e-6,4.8190274891823755e-6
PySR 1 50/autodiff,3.0567592404507114e-4,2.906726336330738e-4,3.3240032286309683e-4,7.327632328702159e-5,5.574434255064495e-5,9.570982019902246e-5
PySR 1 60/warmup,5.675604234981947e-6,5.647598935163851e-6,5.744080469556423e-6,1.2827893494700407e-7,8.485739606569309e-8,2.1852889393435952e-7
PySR 1 60/grad,2.262843746375014e-5,2.2479057006445902e-5,2.2783786694022695e-5,5.389881031768284e-7,4.3454877129174295e-7,7.283695067997359e-7
PySR 1 60/grad2,3.340658578291135e-5,3.2438389010813345e-5,3.4645705145142544e-5,3.891202320385238e-6,2.875630046822769e-6,5.187934495556669e-6
PySR 1 60/autodiff,2.9688552602787115e-4,2.8850575841407746e-4,3.0708976024123105e-4,2.9563064557707973e-5,2.3410712534396043e-5,3.721121048466432e-5
PySR 1 70/warmup,7.072048285649221e-6,6.898328505476409e-6,7.263508003516807e-6,6.300281723765632e-7,5.26366487101864e-7,8.373488143357278e-7
PySR 1 70/grad,3.07210448704601e-5,2.9760737764151033e-5,3.1850714320345714e-5,3.601858056747535e-6,2.5466852565717074e-6,5.113311161875224e-6
PySR 1 70/grad2,4.0235648076769946e-5,3.9019326556290994e-5,4.149591491412192e-5,4.243764629119925e-6,3.5540831924651354e-6,5.19790143836559e-6
PySR 1 70/autodiff,3.0914587294190294e-4,2.990326121986724e-4,3.260024514135825e-4,4.4590908724727626e-5,3.172266707693977e-5,6.42595605859359e-5
PySR 1 80/warmup,8.006154703718319e-6,7.797718819906501e-6,8.307328405866414e-6,8.495871569146103e-7,6.268370955973899e-7,1.1694445196163287e-6
PySR 1 80/grad,3.57524760941925e-5,3.4750069614425055e-5,3.7584279851875964e-5,4.3170120097390415e-6,2.9785932942929626e-6,6.251718148582567e-6
PySR 1 80/grad2,4.7071231281839584e-5,4.5791661521429495e-5,4.8436931284101195e-5,4.463627011653624e-6,3.7439166396681194e-6,5.53565962219676e-6
PySR 1 80/autodiff,3.256871195212441e-4,3.161945804609444e-4,3.353720457668636e-4,3.478429898913311e-5,3.0660740386857307e-5,4.116591239462288e-5
PySR 1 90/warmup,8.512963308635533e-6,8.40110197306305e-6,8.671368319623479e-6,4.387268094578342e-7,3.430243046601801e-7,5.458463807450947e-7
PySR 1 90/grad,3.9643626157568313e-5,3.817883229651327e-5,4.2355889179497885e-5,6.37567387161952e-6,4.558025847490919e-6,9.814637112654557e-6
PySR 1 90/grad2,4.652244875345189e-5,4.620464424705608e-5,4.7207733280889524e-5,1.4848073473981917e-6,8.051350360310592e-7,2.622941291728701e-6
PySR 1 90/autodiff,3.0353694722697814e-4,2.9837961325263567e-4,3.1385475092261193e-4,2.538263479283629e-5,8.020281980710274e-6,4.8877683517154267e-5
PySR 1 100/warmup,1.0127913491637905e-5,9.899766852710048e-6,1.0421077011316965e-5,8.285442804622054e-7,6.741069836845251e-7,1.0379621386330472e-6
PySR 1 100/grad,4.6388294962317704e-5,4.468402226603921e-5,4.842017074313946e-5,5.704060593490996e-6,4.089913410231463e-6,9.036941699110842e-6
PySR 1 100/grad2,5.527884707851195e-5,5.401425758922951e-5,5.6906220552665995e-5,4.64974894919064e-6,3.7838796871805747e-6,6.10356421711232e-6
PySR 1 100/autodiff,3.4047139836787375e-4,3.288715841215979e-4,3.5167346684232824e-4,3.6457367557048355e-5,3.258573455802291e-5,4.079881917814491e-5
PySR 1 110/warmup,1.1422878492100811e-5,1.1003584198255837e-5,1.2039350339551885e-5,1.5489654242571019e-6,1.1172094418674912e-6,2.1741735818006885e-6
PySR 1 110/grad,6.08454950320112e-5,5.6218672007443184e-5,6.697417578350261e-5,1.6038901735010993e-5,1.1399476218702493e-5,2.12356405576145e-5
PySR 1 110/grad2,5.884378602265569e-5,5.788125807927898e-5,6.010654281815651e-5,3.4787493012714087e-6,2.679826479940078e-6,4.552040172050484e-6
PySR 1 110/autodiff,3.595150360551772e-4,3.481808966386477e-4,3.7660195439799586e-4,4.773666603157166e-5,3.657258714937275e-5,7.291028972847831e-5
PySR 1 120/warmup,1.2485502362783195e-5,1.217592817723545e-5,1.281056355051083e-5,1.0702063170431793e-6,8.691232447340831e-7,1.3776754256225998e-6
PySR 1 120/grad,5.808398806457105e-5,5.528468759383801e-5,6.630071516015935e-5,1.4595032666210538e-5,4.922381223995271e-6,2.9588905155669515e-5
PySR 1 120/grad2,7.254178596596506e-5,7.102301703190864e-5,7.409993796285918e-5,5.515499603790996e-6,4.43224230018895e-6,7.139291141461064e-6
PySR 1 120/autodiff,3.4652672588119185e-4,3.401129208909815e-4,3.576504812912028e-4,3.0223483484963513e-5,2.5674059247735287e-5,3.768290447065636e-5
PySR 1 130/warmup,1.2514373483576721e-5,1.233149073580098e-5,1.276149194389455e-5,7.105563517021642e-7,5.215883582447873e-7,8.703354372383449e-7
PySR 1 130/grad,5.354629817807757e-5,5.296255257039609e-5,5.485410943051548e-5,2.7948576087258442e-6,1.6496937742624076e-6,4.308249301061698e-6
PySR 1 130/grad2,6.830475845635764e-5,6.740684193646617e-5,7.048787621516828e-5,3.989633767955835e-6,2.62042884991264e-6,6.110024496941973e-6
PySR 1 130/autodiff,3.495366716831935e-4,3.422181985564653e-4,3.5889630717319973e-4,2.7134758613726844e-5,2.196934480001631e-5,3.553680051289474e-5
PySR 1 140/warmup,1.4572726399155848e-5,1.4231666182151645e-5,1.5043767179687946e-5,1.285103696625123e-6,1.0575107108069883e-6,1.743412385149836e-6
PySR 1 140/grad,7.304166526934013e-5,6.96551724778989e-5,8.028879895396664e-5,1.78047872350684e-5,1.040559634240866e-5,2.9218348521952154e-5
PySR 1 140/grad2,8.305870245111587e-5,8.039109575337024e-5,8.840138613754292e-5,1.1509778919529416e-5,7.2292680988818905e-6,1.9692100693857458e-5
PySR 1 140/autodiff,3.6803706643470993e-4,3.585054084973925e-4,3.7742388894620695e-4,2.9914309428639455e-5,2.3552087096783745e-5,4.0420637728612996e-5
PySR 1 150/warmup,1.4751173012895268e-5,1.4493168055854831e-5,1.5071029040064773e-5,1.0050673146118995e-6,7.934136729478553e-7,1.2261486378038573e-6
PySR 1 150/grad,6.989361117153251e-5,6.708491834652134e-5,7.265108891728855e-5,8.531902536876717e-6,6.7454321244077505e-6,1.0321479250013167e-5
PySR 1 150/grad2,9.076125363765697e-5,8.739432959011731e-5,9.484547236744237e-5,1.2055747940639494e-5,9.799975093499992e-6,1.4402864794058747e-5
PySR 1 150/autodiff,3.879767956534894e-4,3.745102768974536e-4,4.054259592670582e-4,4.547431111766505e-5,3.985598105259972e-5,5.1977557790096115e-5
PySR 1 160/warmup,1.5125626165542057e-5,1.5049597080042646e-5,1.5331943370247783e-5,4.338274961937272e-7,2.0789774625727496e-7,8.155680549127233e-7
PySR 1 160/grad,7.562768164801031e-5,7.3176856449624e-5,7.878232270728077e-5,8.547316113743415e-6,6.960059905049975e-6,1.128897514142498e-5
PySR 1 160/grad2,8.531806365006135e-5,8.465489942845617e-5,8.650500277246222e-5,2.9881671543620584e-6,2.264643529705176e-6,3.798454126510648e-6
PySR 1 160/autodiff,3.798897070612979e-4,3.7209184625103475e-4,3.884832235254957e-4,2.6240387959298912e-5,2.0030952292024374e-5,3.271415356374243e-5
PySR 1 170/warmup,1.6922689802380087e-5,1.645583971042988e-5,1.7744330094155272e-5,1.963091551323278e-6,1.0875405057534392e-6,3.255374607118622e-6
PySR 1 170/grad,7.333525924763363e-5,7.27195163348401e-5,7.43687695951376e-5,2.3771391916256237e-6,1.8852753837446965e-6,3.0791187167227237e-6
PySR 1 170/grad2,9.450343222880619e-5,9.140783946291665e-5,1.000425589695639e-4,1.2282209514913924e-5,5.751890789432665e-6,2.3094598404549558e-5
PySR 1 170/autodiff,3.8967803820787487e-4,3.841762948096554e-4,3.984217868633057e-4,2.525063889865302e-5,1.8001988012581884e-5,3.5796600895718235e-5
PySR 1 180/warmup,1.7035913803316943e-5,1.6910691558646722e-5,1.7207239747968978e-5,4.918227351168012e-7,3.0065335607399365e-7,7.336408391599204e-7
PySR 1 180/grad,7.79232388128917e-5,7.751704266736923e-5,7.874093154816244e-5,1.873637674660379e-6,1.2337365430253793e-6,3.376865477357249e-6
PySR 1 180/grad2,9.558184763227136e-5,9.438107693634007e-5,9.720450287402982e-5,4.26070557763742e-6,3.0885771104601804e-6,5.341977519528497e-6
PySR 1 180/autodiff,4.3603651161780297e-4,4.158569185980043e-4,4.883739908523099e-4,1.1049296924071395e-4,4.8287438618981176e-5,2.335754001487474e-4
PySR 1 190/warmup,1.8975784678295312e-5,1.862788535451465e-5,1.9388927744192245e-5,1.1528901351809621e-6,9.770735986391366e-7,1.347634896104098e-6
PySR 1 190/grad,8.907840773631089e-5,8.676713407596073e-5,9.17224554851113e-5,8.393296353870134e-6,7.064323821988001e-6,1.0419419092599526e-5
PySR 1 190/grad2,9.984557130632982e-5,9.873109325448599e-5,1.0165411697642612e-4,4.7418462588047355e-6,2.944890170630665e-6,7.368827985531622e-6
PySR 1 190/autodiff,4.2337614188825786e-4,4.101808403717866e-4,4.4654746537807705e-4,5.7449826746747266e-5,4.4490536752047786e-5,7.349629961707205e-5
PySR 1 200/warmup,1.9277513491825607e-5,1.917387724786162e-5,1.9421772870990676e-5,4.7084251138376766e-7,3.5874163223200745e-7,6.780070471988295e-7
PySR 1 200/grad,1.0358564548320743e-4,9.7495528910232e-5,1.1813165803930406e-4,2.6409531283526766e-5,1.764329849411214e-5,4.5214674604633234e-5
PySR 1 200/grad2,1.2934930645096227e-4,1.2190350829630853e-4,1.4713295382085543e-4,3.4800944221615106e-5,2.1769851813609924e-5,6.936634190422447e-5
PySR 1 200/autodiff,6.235632575660034e-4,6.089371389302817e-4,6.484243309935683e-4,7.242441352212214e-5,4.962575234781353e-5,1.1205182280742399e-4
PySR 1 210/warmup,2.7460608805282813e-5,2.627458576631646e-5,2.9404090627647332e-5,5.045177392583475e-6,1.9042940858295055e-6,8.677270071814894e-6
PySR 1 210/grad,1.3355036393832774e-4,1.308894949300922e-4,1.362016541570841e-4,9.131525494995503e-6,6.883106186036653e-6,1.181391262728762e-5
PySR 1 210/grad2,1.5560476191174658e-4,1.5241176063720817e-4,1.5944723680559326e-4,1.2044342068081799e-5,8.078016069143152e-6,1.9801746204879838e-5
PySR 1 210/autodiff,6.098943161889346e-4,5.682826402137877e-4,6.724721057545834e-4,1.8778958824698075e-4,1.3428987351566882e-4,2.833575795671629e-4
PySR 1 220/warmup,2.2653707743591954e-5,2.1938403176120066e-5,2.3897606286384214e-5,3.0446837280583658e-6,1.8807607615350717e-6,4.56531548073024e-6
PySR 1 220/grad,1.3656961968520537e-4,1.3450391478786908e-4,1.3889203636994628e-4,7.39142134980658e-6,5.349697496529944e-6,9.803402430739932e-6
PySR 1 220/grad2,1.5570240955076659e-4,1.5052942961596454e-4,1.6137032613600626e-4,1.7916764744795223e-5,1.1895467615246657e-5,2.5223968869425487e-5
PySR 1 220/autodiff,6.400335287804193e-4,5.975873281527227e-4,6.841863312303058e-4,1.4393716830345726e-4,1.0919202115202948e-4,2.0715571878587684e-4
PySR 1 230/warmup,2.9547916504260132e-5,2.924302513123968e-5,3.0026067564894116e-5,1.2503594078170424e-6,9.57639012743869e-7,1.6361940007439646e-6
PySR 1 230/grad,1.4754226713428438e-4,1.426648516898858e-4,1.618266883006221e-4,2.5057181055556477e-5,7.613485352798296e-6,4.185652185629147e-5
PySR 1 230/grad2,1.4714885614214038e-4,1.388327280530071e-4,1.5920089386778884e-4,3.8169911031706705e-5,2.8841744223812612e-5,5.8114012812556686e-5
PySR 1 230/autodiff,5.413165918520424e-4,5.219725876203422e-4,5.737676371060098e-4,7.844334197098493e-5,6.259673460730428e-5,9.930328084548838e-5
PySR 1 240/warmup,3.0075197752386165e-5,2.9797630132461306e-5,3.0349525811817827e-5,8.849610810334795e-7,7.165204384704913e-7,1.1246602131493501e-6
PySR 1 240/grad,1.5182204847768335e-4,1.502248617738164e-4,1.574345456177559e-4,8.230397966498859e-6,4.361650919142376e-6,1.761759479070856e-5
PySR 1 240/grad2,1.6356434518485986e-4,1.547750593014261e-4,1.737748064217571e-4,3.340611424720684e-5,2.6387841893717657e-5,4.436919034713614e-5
PySR 1 240/autodiff,4.7399916616040733e-4,4.605968102389997e-4,4.937781981123261e-4,4.924288664797333e-5,3.27327830429284e-5,8.763902104201833e-5
PySR 1 250/warmup,2.4428924866987852e-5,2.4287450606388682e-5,2.464592464030541e-5,5.983054634515234e-7,4.2790384470094844e-7,8.016725954684648e-7
PySR 1 250/grad,1.1455631425488399e-4,1.135661902511423e-4,1.1592157899462667e-4,3.648556857579558e-6,2.9699907444274173e-6,4.897807900611641e-6
PySR 1 250/grad2,1.3557312408097406e-4,1.3213386228293263e-4,1.4229937752525832e-4,1.6319523756749147e-5,5.769415341954813e-6,2.8448134180918265e-5
PySR 1 250/autodiff,5.12402928539736e-4,5.031263938841011e-4,5.407600513119157e-4,4.626054745244539e-5,2.6877654620704818e-5,7.987122467546737e-5
PySR 1 260/warmup,2.4549070042830868e-5,2.4513880291016032e-5,2.4616589745844844e-5,1.6398038540228396e-7,1.0225899685489414e-7,2.404418386078264e-7
PySR 1 260/grad,1.1647970847967228e-4,1.1608601492937086e-4,1.1689458643878597e-4,1.4312153415379293e-6,1.1508352964947454e-6,2.1248879138560177e-6
PySR 1 260/grad2,1.370091268356666e-4,1.360193491328575e-4,1.3858148908612233e-4,4.195740591355014e-6,3.3100285246290636e-6,5.867158324046709e-6
PySR 1 260/autodiff,5.656610160912311e-4,5.487764796955567e-4,5.858792754839351e-4,6.0609952299366495e-5,4.714296294845319e-5,7.850843706997142e-5
PySR 1 270/warmup,3.533615037961672e-5,3.444064265563984e-5,3.7424031780172806e-5,3.772560203016118e-6,2.346894887328052e-6,6.259192002158124e-6
PySR 1 270/grad,1.706931329829226e-4,1.6433732119920574e-4,1.7644430249540152e-4,2.1940466367714947e-5,1.3668598256283807e-5,3.071191319062458e-5
PySR 1 270/grad2,1.8905849223170817e-4,1.7769899948928567e-4,2.0292186956955596e-4,4.559981299957641e-5,3.971609995274166e-5,5.226860129797826e-5
PySR 1 270/autodiff,9.323232160859182e-4,9.035660909547782e-4,9.609397907776843e-4,9.589113531007661e-5,7.891571648157574e-5,1.3378262930667918e-4
PySR 1 280/warmup,3.479134078375765e-5,3.425779966403329e-5,3.576800011396954e-5,2.379976851935166e-6,1.4255409761665626e-6,3.901705996306007e-6
PySR 1 280/grad,1.7663043275485907e-4,1.7508227916916133e-4,1.7866994918671277e-4,6.493579574935137e-6,4.692158459479577e-6,1.0088125085228463e-5
PySR 1 280/grad2,2.0527632487555653e-4,2.0421913697735682e-4,2.0715719676817556e-4,4.164796251443422e-6,3.439222307256923e-6,5.388979724191385e-6
PySR 1 280/autodiff,8.164921806103117e-4,8.096691357311857e-4,8.248473061745139e-4,2.578868184163619e-5,1.7228313104286047e-5,3.6584517570170696e-5
PySR 1 290/warmup,3.519278010853219e-5,3.338597591312344e-5,3.6490915161373696e-5,5.411110993433523e-6,4.47588153114238e-6,6.784632941157325e-6
PySR 1 290/grad,1.9412563539689538e-4,1.834753929828581e-4,2.2575155638609846e-4,5.500086245250587e-5,3.2942508211884784e-5,9.63316950329761e-5
PySR 1 290/grad2,1.5017352545601285e-4,1.4456275055043142e-4,1.568714391540504e-4,1.988233241020662e-5,1.3280876725261225e-5,3.003102455013542e-5
PySR 1 290/autodiff,6.324991251292297e-4,6.131825684829445e-4,6.889433347622248e-4,1.0334981486470431e-4,6.720101917966466e-5,1.661113559618569e-4
PySR 1 300/warmup,3.0437915006847902e-5,2.977686227332666e-5,3.157934239627434e-5,2.709790885174177e-6,1.908839360307049e-6,3.827591006055497e-6
PySR 1 300/grad,1.8313530121497542e-4,1.7183154990308257e-4,1.9657063240720012e-4,3.925266063860727e-5,3.386396308742917e-5,5.170137721447795e-5
PySR 1 300/grad2,1.732699202996303e-4,1.6763142075027212e-4,1.845746798287544e-4,2.8796600086193864e-5,1.1655155530051107e-5,5.090883802150371e-5
PySR 1 300/autodiff,8.644594886348574e-4,8.176177835811534e-4,9.076200146433561e-4,1.4801917180979295e-4,1.1516060417270216e-4,1.8259837116948194e-4
PySR 1 310/warmup,3.302300688388264e-5,3.18717381452931e-5,3.421898656069111e-5,4.168916989491218e-6,3.6253464296180456e-6,5.119699845341014e-6
PySR 1 310/grad,1.8969700835621392e-4,1.8110622072004334e-4,2.0644904618448006e-4,3.604822441261156e-5,2.2439919661876926e-5,5.59916014777293e-5
PySR 1 310/grad2,3.2327828273970847e-4,3.003629488551021e-4,3.5380096921164316e-4,8.16599419454757e-5,6.848312338821699e-5,9.903472735793734e-5
PySR 1 310/autodiff,9.381589112524361e-4,8.951808927914576e-4,9.901780462646152e-4,1.7787044750716628e-4,1.407750674596917e-4,2.0645922743690152e-4
PySR 1 320/warmup,6.009319962648885e-5,5.611133535200435e-5,6.447608096534089e-5,1.2754081642792426e-5,1.0170244030070329e-5,1.6372754200695195e-5
PySR 1 320/grad,2.3225468087746445e-4,2.152182026725787e-4,2.5253071692544235e-4,6.352087902422353e-5,4.944022839945629e-5,7.997255259538804e-5
PySR 1 320/grad2,2.0127197932908697e-4,1.90988942993494e-4,2.125525167975242e-4,3.5119858330746505e-5,2.7363301008648876e-5,4.424958251120031e-5
PySR 1 320/autodiff,9.990897341685602e-4,9.466051797618718e-4,1.0835740811741593e-3,2.333561795595339e-4,1.8658918651431815e-4,2.9543418367230693e-4
PySR 1 330/warmup,4.2153123917199785e-5,4.0119767147612016e-5,4.465508888202653e-5,6.893069486345339e-6,5.12735955773982e-6,8.973175109468777e-6
PySR 1 330/grad,2.011671029267294e-4,1.9319447237659823e-4,2.1213614345048343e-4,3.3870454602422864e-5,2.363576915586212e-5,4.693536264627592e-5
PySR 1 330/grad2,2.771184305258474e-4,2.623834818025224e-4,3.000844514475479e-4,5.8296141932916075e-5,3.9203280348414124e-5,8.032211343035241e-5
PySR 1 330/autodiff,8.808297187614491e-4,8.439897322292702e-4,9.285204785291052e-4,1.534921490080409e-4,1.2305950009568328e-4,1.8471889300870767e-4
PySR 1 340/warmup,3.346099016761705e-5,3.2762101702839525e-5,3.476776545933121e-5,3.0184198040313165e-6,2.0772566390686926e-6,4.164310825848539e-6
PySR 1 340/grad,1.6764560105033723e-4,1.6351078686377467e-4,1.7539119732692395e-4,1.97311005611133e-5,1.3535335449715541e-5,2.7735634246584676e-5
PySR 1 340/grad2,1.849904286207019e-4,1.8296812347218212e-4,1.9120389821603985e-4,1.1002175102461608e-5,3.50119817275225e-6,2.3854056459277976e-5
PySR 1 340/autodiff,9.600251669307572e-4,9.324989465271266e-4,9.868761069699574e-4,9.406421796987372e-5,7.690351180001249e-5,1.300116423407119e-4
PySR 1 350/warmup,4.471879980246161e-5,4.368367730237943e-5,4.665761825387809e-5,4.604672448897274e-6,2.722829326329234e-6,6.900164753442423e-6
PySR 1 350/grad,2.4299547848355155e-4,2.38194167102939e-4,2.529336509350709e-4,2.2775707021443813e-5,1.4332882935244312e-5,3.58122267637466e-5
PySR 1 350/grad2,2.522560086623083e-4,2.500377668051454e-4,2.5514670474767774e-4,8.283315448348536e-6,7.03423443109056e-6,1.033709647427998e-5
PySR 1 350/autodiff,1.0085578584704267e-3,9.822497244194547e-4,1.0348216671564087e-3,9.294539014930702e-5,7.427237650074609e-5,1.2261370392866933e-4
PySR 1 360/warmup,4.262847546078874e-5,4.132974367361053e-5,4.4461802495420146e-5,4.803397765383283e-6,3.7665593176264895e-6,6.660391472168838e-6
PySR 1 360/grad,2.3395089380288234e-4,2.1746624461739457e-4,2.453397786248702e-4,3.945803091292291e-5,3.1722623989670344e-5,4.6242423306820425e-5
PySR 1 360/grad2,2.9124618501197985e-4,2.7391445525570563e-4,3.1439578310952463e-4,7.076918075681911e-5,4.7701904294876e-5,1.0546991898153501e-4
PySR 1 360/autodiff,1.0102627507886e-3,9.595237571264455e-4,1.079390436533138e-3,2.0646010339165244e-4,1.6684097721331027e-4,2.633278910002155e-4
PySR 1 370/warmup,3.4945834604749615e-5,3.406354115799601e-5,3.5785490620512956e-5,2.974066624730206e-6,2.421907579995291e-6,3.5944987906954963e-6
PySR 1 370/grad,1.999484234191798e-4,1.95072501003372e-4,2.1079081059211516e-4,2.6170074674914552e-5,1.4943954410839721e-5,4.2080718852775954e-5
PySR 1 370/grad2,2.6044007811997806e-4,2.5504049900626236e-4,2.6890404220051645e-4,2.3904099650209146e-5,1.4420658325743438e-5,3.568153207171553e-5
PySR 1 370/autodiff,1.1484078774160625e-3,1.1198556337168627e-3,1.206118050856175e-3,1.2947728481727496e-4,6.946035217453021e-5,2.312736892330843e-4
PySR 1 380/warmup,4.8722108878757395e-5,4.8231820995057995e-5,4.965500122314439e-5,2.1462081339813237e-6,1.542894562472208e-6,3.0960388564463982e-6
PySR 1 380/grad,2.5990844189647367e-4,2.5084488060432575e-4,2.7132809406035015e-4,3.858522029755825e-5,2.9472291666664855e-5,5.238858071949408e-5
PySR 1 380/grad2,2.9368607201712884e-4,2.9045557214775e-4,2.9856765924982933e-4,1.2685796726227626e-5,1.058870309949366e-5,1.6008812037478556e-5
PySR 1 380/autodiff,1.1953094029227695e-3,1.1566899052103388e-3,1.2884188030559108e-3,2.0475920582645313e-4,1.1011569127851612e-4,3.313204824772694e-4
PySR 1 390/warmup,5.283064958482278e-5,5.144394133084613e-5,5.6399848716566536e-5,7.478171233158497e-6,3.6395659570001913e-6,1.3000292591726718e-5
PySR 1 390/grad,2.6467188490401683e-4,2.6104538051248237e-4,2.6856458291146774e-4,1.1983407172425603e-5,8.614440404913537e-6,1.6721238389911626e-5
PySR 1 390/grad2,3.375029713411149e-4,3.20226181444002e-4,3.599666217456595e-4,6.513899460855926e-5,4.82271527196517e-5,9.02395634298686e-5
PySR 1 390/autodiff,1.2236919046583342e-3,1.2105984867671266e-3,1.2453465196065735e-3,5.461276134895711e-5,2.6306259345814157e-5,8.513311687048939e-5
PySR 1 400/warmup,5.042871141359034e-5,5.017759869137181e-5,5.065982165804949e-5,8.650783711727576e-7,6.421378772435904e-7,1.1727397822519943e-6
PySR 1 400/grad,2.719913110684843e-4,2.7038622165806436e-4,2.7366394441400154e-4,5.938930695567131e-6,4.942466895134938e-6,7.565691480280002e-6
PySR 1 400/grad2,3.080431595207684e-4,3.053678243496045e-4,3.1025121342335694e-4,8.576432775432834e-6,6.763169357841488e-6,1.0314908304784398e-5
PySR 1 400/autodiff,1.2534709427854803e-3,1.2336786336803393e-3,1.2952616825082182e-3,1.0467664958983713e-4,6.541320905508534e-5,1.7562743007911948e-4
PySR 1 410/warmup,5.195702986570954e-5,5.1556507753266115e-5,5.2638883538446785e-5,1.7635794024641401e-6,1.3552109504666187e-6,2.5236376678548805e-6
PySR 1 410/grad,2.9359385865293535e-4,2.7905037219658695e-4,3.1178172523124053e-4,5.603956641192753e-5,3.922742195984057e-5,8.187097416815345e-5
PySR 1 410/grad2,2.9424899866586164e-4,2.7495834671496143e-4,3.204234196952255e-4,7.424146214231776e-5,5.15241807403456e-5,9.77996938197116e-5
PySR 1 410/autodiff,1.2248121579115838e-3,1.1758369312801042e-3,1.275097874848065e-3,1.9327800323890582e-4,1.630212981001381e-4,2.2724859460356334e-4
PySR 1 420/warmup,5.820620638027124e-5,5.672393661119887e-5,6.0740410869434806e-5,6.896146236306381e-6,5.248886662195729e-6,1.0454315818625556e-5
PySR 1 420/grad,3.0393330283643555e-4,2.955855969701958e-4,3.2317147883330333e-4,4.404264364977789e-5,2.9746370112302676e-5,6.257445698502874e-5
PySR 1 420/grad2,2.9214947415182356e-4,2.7927970878410753e-4,3.103996990960534e-4,5.332320536064959e-5,4.3205647884120644e-5,7.627094525746652e-5
PySR 1 420/autodiff,1.0742436119225351e-3,1.0071363594698463e-3,1.177769152160213e-3,2.7960417239760203e-4,1.6947393409796256e-4,3.954870540977029e-4
PySR 1 430/warmup,7.518640587128978e-5,6.588007350669087e-5,8.268426822427338e-5,2.5613050162172756e-5,2.2083929717703637e-5,3.231430015539245e-5
PySR 1 430/grad,2.538322369411841e-4,2.395565641759169e-4,2.7781479967452753e-4,5.5053817429567526e-5,4.9705840323934324e-5,6.528979939044604e-5
PySR 1 430/grad2,3.1421063229132394e-4,3.043929607114961e-4,3.285801676742288e-4,3.941490877153014e-5,3.164631097584953e-5,4.754643277526365e-5
PySR 1 430/autodiff,1.2384047276526881e-3,1.2068993205716285e-3,1.2711162864129648e-3,1.0809828800960306e-4,9.267248027840108e-5,1.3994747728068377e-4
PySR 1 440/warmup,4.57030109034834e-5,4.414837384632457e-5,4.7327552165363836e-5,4.847020585627749e-6,4.085275727171846e-6,5.693791117884842e-6
PySR 1 440/grad,2.3903716481151033e-4,2.3105003179725724e-4,2.5120857340527676e-4,3.376245206950972e-5,2.718607543721346e-5,4.320761685300176e-5
PySR 1 440/grad2,3.104442383376658e-4,2.926746520827514e-4,3.2891633527241623e-4,5.966042994375462e-5,4.8824358365668844e-5,8.523362647841202e-5
PySR 1 440/autodiff,1.665779183249975e-3,1.623234782219764e-3,1.7148037894042637e-3,1.7214461998025214e-4,1.4653905493567046e-4,2.1252227412497447e-4
PySR 1 450/warmup,5.237539961834261e-5,5.0877525264025784e-5,5.444683701515723e-5,6.0445514177406074e-6,4.6014180126415565e-6,8.573800011560213e-6
PySR 1 450/grad,3.087427375029081e-4,2.877767519249524e-4,3.361881832009894e-4,7.333815983646588e-5,5.5053168187050736e-5,9.474181556848356e-5
PySR 1 450/grad2,3.4246248010974116e-4,3.2814213134284585e-4,3.6203732177543226e-4,5.941984482557927e-5,4.678015285787756e-5,7.780482167067267e-5
PySR 1 450/autodiff,1.413998658950415e-3,1.3823421106313445e-3,1.4528901773094053e-3,1.339278989787876e-4,1.0181115586580593e-4,1.7515761772046574e-4
PySR 1 460/warmup,5.498646146050097e-5,5.367822761702985e-5,5.6971365746931494e-5,5.078006523895768e-6,4.118051277510597e-6,7.2185763574125486e-6
PySR 1 460/grad,3.2230504026783616e-4,3.1153522559952413e-4,3.4291569262771593e-4,4.871919011218928e-5,3.528788567709435e-5,6.99295261181313e-5
PySR 1 460/grad2,5.187723944754647e-4,4.7033055893270663e-4,5.57159042558536e-4,1.3301325674856454e-4,1.1673448027226559e-4,1.5532269630187236e-4
PySR 1 460/autodiff,1.7404674328603776e-3,1.6593477997365732e-3,1.8364103898246666e-3,3.530347490306316e-4,3.1138794108086183e-4,4.007224847070111e-4
PySR 1 470/warmup,4.866328918942789e-5,4.775187220340022e-5,4.9249975398813926e-5,2.458851801704497e-6,2.017359683812281e-6,3.2761125853683053e-6
PySR 1 470/grad,2.874758722725195e-4,2.7933566594252456e-4,2.9973924051493006e-4,3.415087708822453e-5,2.5746280970652727e-5,4.703510850422884e-5
PySR 1 470/grad2,4.1163294725182114e-4,3.8384484518297053e-4,4.432987958797154e-4,9.480905975239165e-5,8.387156473487167e-5,1.1366988365861744e-4
PySR 1 470/autodiff,1.5885058566513209e-3,1.504487278811203e-3,1.6846653218667827e-3,2.694787056456874e-4,2.234249853908418e-4,3.3731578599421804e-4
PySR 1 480/warmup,6.160590171417984e-5,5.7775461810546416e-5,6.692683673534765e-5,1.3846688897467421e-5,1.132694546932122e-5,1.6767600343519482e-5
PySR 1 480/grad,4.011525396786353e-4,3.7835843549041096e-4,4.2752605215320375e-4,8.346435236472033e-5,6.548003156925561e-5,1.0574719243364701e-4
PySR 1 480/grad2,3.952047202458454e-4,3.9219888587520806e-4,4.0093532790049527e-4,1.4459345080359644e-5,9.542806626512073e-6,2.179405513824103e-5
PySR 1 480/autodiff,1.4966755941474626e-3,1.4644288807719287e-3,1.5395958810586403e-3,1.1615806705292721e-4,8.967576683398929e-5,1.510268057050094e-4
PySR 1 490/warmup,6.62276137408569e-5,6.11223538606246e-5,6.981181255313762e-5,1.3937932677070979e-5,1.174184660552374e-5,1.559039817216418e-5
PySR 1 490/grad,2.741963102845152e-4,2.7202392185630004e-4,2.771985281413148e-4,8.441382557009175e-6,6.933005635706429e-6,1.1006926583202426e-5
PySR 1 490/grad2,3.2389936799777125e-4,3.12705358085792e-4,3.394003427070711e-4,4.4311322206277084e-5,3.3250119445224004e-5,5.5798979587599395e-5
PySR 1 490/autodiff,1.3531724955221482e-3,1.3197466330275584e-3,1.4007215613316736e-3,1.1533575712972521e-4,9.337756888230396e-5,1.4465621536679087e-4
PySR 1 500/warmup,6.160867731486219e-5,6.076098277438096e-5,6.372871715867966e-5,4.021170255258099e-6,3.1087490673034044e-6,5.362960192016948e-6
PySR 1 500/grad,3.5673580385883866e-4,3.341605872397911e-4,3.779946637297752e-4,7.99884819564711e-5,6.56934768140552e-5,1.0420406387857846e-4
PySR 1 500/grad2,3.672005298159806e-4,3.4620056231618863e-4,4.1195769811991335e-4,9.356442180200726e-5,7.382194049161078e-5,1.3225785350715334e-4
PySR 1 500/autodiff,1.6198586080944917e-3,1.5825804208344394e-3,1.6538218343842505e-3,1.2131181789434064e-4,8.284718565776485e-5,1.5253869006361193e-4
PySR 1 510/warmup,6.677498905481963e-5,6.580132897524283e-5,6.801345661937727e-5,3.6596716114254464e-6,2.7842821462167252e-6,5.083493483232887e-6
PySR 1 510/grad,4.4363576995486696e-4,4.1245823341888306e-4,4.726616590129737e-4,1.1898213572388647e-4,1.0633998995272002e-4,1.3488608519080108e-4
PySR 1 510/grad2,2.972243841200191e-4,2.9280758212860716e-4,3.1090825479983996e-4,2.3352153275769893e-5,5.021186878973378e-6,4.772020993973922e-5
PySR 1 510/autodiff,1.3299821167029697e-3,1.3239905132896787e-3,1.3378231979862308e-3,2.1891724436082426e-5,1.734407204175265e-5,2.774490820656532e-5
PySR 1 520/warmup,5.3675850213551225e-5,5.3246286919391564e-5,5.550857414059454e-5,2.486632221454482e-6,8.949944733437824e-7,4.825692483391101e-6
PySR 1 520/grad,2.79969889379246e-4,2.7862141460798895e-4,2.8106199742079384e-4,3.994760766639745e-6,3.268562744940477e-6,4.950384747431314e-6
PySR 1 520/grad2,3.002739508790508e-4,2.991878707333688e-4,3.012210555351682e-4,3.6519407784907625e-6,2.969473594692937e-6,4.677924796147674e-6
PySR 1 520/autodiff,1.367084554180875e-3,1.3619133023286014e-3,1.374051262173731e-3,1.9251751191180354e-5,1.6773944760946274e-5,2.3292951711058224e-5
PySR 1 530/warmup,5.4173948035072054e-5,5.389387778313405e-5,5.4558481224100744e-5,1.1933871699009396e-6,7.679307414552905e-7,2.0267910588277098e-6
PySR 1 530/grad,2.8603366440510617e-4,2.8473397071018743e-4,2.87415290860044e-4,4.636686516776973e-6,3.5976539799295872e-6,5.813259547430779e-6
PySR 1 530/grad2,3.114917323096754e-4,3.094927979596117e-4,3.1735431206320123e-4,9.835572759600227e-6,5.021269027588478e-6,1.7605400517014246e-5
PySR 1 530/autodiff,1.4155840379406206e-3,1.4108581484813362e-3,1.4224652020321125e-3,2.0923387752495476e-5,1.5177153227984641e-5,2.771013733914585e-5
PySR 1 540/warmup,5.5336959249620884e-5,5.509254201355653e-5,5.5546256028087294e-5,7.179273394207899e-7,6.074499299528626e-7,8.549538752566686e-7
PySR 1 540/grad,2.9297260191916513e-4,2.916011627744269e-4,2.9496810216741797e-4,5.529903499678792e-6,3.5698307115244364e-6,8.9796200056605e-6
PySR 1 540/grad2,3.153243981909702e-4,3.137762861225919e-4,3.1705340235302376e-4,5.791938665318363e-6,4.749088627807368e-6,8.304950349321923e-6
PySR 1 540/autodiff,1.4558078642656859e-3,1.4500677001479188e-3,1.4645695511637158e-3,2.382091432192748e-5,1.838792701048532e-5,3.1939508916252686e-5
PySR 1 550/warmup,5.56410959761844e-5,5.544597129243689e-5,5.583065815142299e-5,7.351393945775513e-7,6.308266047802645e-7,9.177936253082663e-7
PySR 1 550/grad,3.0207132267783313e-4,2.9828930093104807e-4,3.136002357149089e-4,2.186725813799486e-5,5.036582958934185e-6,4.579472921797364e-5
PySR 1 550/grad2,3.2429028286552704e-4,3.2277415931299846e-4,3.2613436439796515e-4,5.6746314024076186e-6,4.124545187216993e-6,8.205485804645643e-6
PySR 1 550/autodiff,1.4996039000101634e-3,1.4925079622932355e-3,1.5099028819791813e-3,3.016857790858487e-5,2.3431021647520144e-5,4.036866416965287e-5
PySR 1 560/warmup,5.714926544493833e-5,5.668009283824349e-5,5.9144746389985735e-5,2.390698859837047e-6,1.2458121922075264e-6,4.582776233305803e-6
PySR 1 560/grad,3.072445056902732e-4,3.056382277723069e-4,3.0942211660472566e-4,6.728355252854453e-6,5.325937387445555e-6,8.956318058377413e-6
PySR 1 560/grad2,3.3160742411551076e-4,3.2991978674665906e-4,3.3306233891786276e-4,5.174401377098646e-6,4.353204053692989e-6,6.28552362316586e-6
PySR 1 560/autodiff,1.4918910649832423e-3,1.4775047600603156e-3,1.5372213869154121e-3,7.806693243976961e-5,3.06427181301088e-5,1.4913894370366152e-4
PySR 1 570/warmup,5.555837439975315e-5,5.537805440248851e-5,5.5747384551451304e-5,7.349734870097347e-7,5.883252874698271e-7,9.670272281071737e-7
PySR 1 570/grad,3.003790357681094e-4,2.9931641720244056e-4,3.017731570443483e-4,4.167811790522762e-6,3.2555090631433196e-6,5.50534770692137e-6
PySR 1 570/grad2,3.236692124728275e-4,3.2280767662022734e-4,3.248878957403418e-4,3.38073813353714e-6,2.5276822126119794e-6,5.0363435563874096e-6
PySR 1 570/autodiff,1.5246002349277733e-3,1.514341382746803e-3,1.555022117358542e-3,6.159551988585665e-5,1.6970985586603604e-5,1.1552560755173844e-4
PySR 1 580/warmup,5.749370826763069e-5,5.6914962625531354e-5,5.8367841224043954e-5,2.42072501891827e-6,1.586176477323311e-6,3.7161460816360494e-6
PySR 1 580/grad,3.2219570563889833e-4,3.1402429699342973e-4,3.318986855612164e-4,3.1190108758866345e-5,2.1129843169129623e-5,4.123922918246798e-5
PySR 1 580/grad2,3.2607167874225954e-4,3.2373734045036847e-4,3.286234148194007e-4,8.541849790762098e-6,7.411561616175627e-6,1.093858630271753e-5
PySR 1 580/autodiff,1.5338116601623403e-3,1.5245152881351977e-3,1.5469130537149782e-3,3.6597456798520805e-5,2.760245134923197e-5,5.6073217816027744e-5
PySR 1 590/warmup,5.759825823273624e-5,5.741686947172772e-5,5.7811546808799255e-5,7.347698095787541e-7,5.678073760129715e-7,8.925775162249906e-7
PySR 1 590/grad,3.2712315139885517e-4,3.218036174895607e-4,3.3597652645156326e-4,2.238005982148975e-5,1.7002844757136754e-5,3.227457329996954e-5
PySR 1 590/grad2,5.030260376164735e-4,4.7655276578521886e-4,5.567455619364184e-4,1.0347544444483088e-4,8.554997416173327e-5,1.3800286020529626e-4
PySR 1 590/autodiff,2.867818321707029e-3,2.699099499574891e-3,3.0174055069710016e-3,5.622697593880172e-4,4.993595178699405e-4,6.957034131677787e-4
PySR 1 600/warmup,7.567270622445349e-5,6.936892563010351e-5,8.496657656992338e-5,2.5749331568791896e-5,2.074675042558541e-5,3.3725646438196036e-5
PySR 1 600/grad,3.2254440890334046e-4,3.2174786915633555e-4,3.236980066233901e-4,3.219832468230894e-6,2.479472097929082e-6,4.091573315715499e-6
PySR 1 600/grad2,4.411374770830297e-4,4.138134579017988e-4,4.8099085292132595e-4,1.1286509852270938e-4,8.991111783802679e-5,1.6066918125027263e-4
PySR 1 600/autodiff,2.176605705186093e-3,2.094848355435371e-3,2.2864525113879676e-3,3.2260820147142044e-4,2.719200868689038e-4,3.7308071048275116e-4
PySR 1 610/warmup,6.182741335990681e-5,6.022739363991281e-5,6.418895803588199e-5,6.639076300449065e-6,5.412353766049736e-6,8.591918583593757e-6
PySR 1 610/grad,3.7039013053078487e-4,3.5836278046459295e-4,3.946523082349978e-4,5.677725874341902e-5,4.277083221720959e-5,8.009395008360126e-5
PySR 1 610/grad2,3.6433129165493134e-4,3.58248964343845e-4,3.806671673310508e-4,3.0497637506478698e-5,7.134043644991924e-6,6.1132404605854e-5
PySR 1 610/autodiff,2.059333866671372e-3,1.9806143775161103e-3,2.1359203112126077e-3,2.697862419427371e-4,2.448026118487556e-4,3.064719920630304e-4
PySR 1 620/warmup,1.080317437654271e-4,1.00373168376182e-4,1.1512490054585758e-4,2.6676227820952265e-5,2.2023542018274016e-5,3.2874480530882654e-5
PySR 1 620/grad,3.426351217891251e-4,3.3382920469045513e-4,3.596321025462084e-4,3.7706464625557213e-5,1.7730215195572582e-5,6.27015349990612e-5
PySR 1 620/grad2,3.8201017748325006e-4,3.7220017652654153e-4,3.962207712204221e-4,4.157242128422228e-5,2.6595513453484518e-5,5.9360438398262206e-5
PySR 1 620/autodiff,1.9579035060350468e-3,1.8956319979853316e-3,2.0287276561630997e-3,2.5889788364847716e-4,1.9986883593839594e-4,2.964003582942065e-4
PySR 1 630/warmup,6.585275610869744e-5,6.412974365922798e-5,6.836452806459151e-5,6.979420244738075e-6,5.2255987151447945e-6,8.530366110026003e-6
PySR 1 630/grad,3.781325658208492e-4,3.6351905138934653e-4,3.966019950175194e-4,5.344352911121104e-5,4.197172859236089e-5,6.807891051718458e-5
PySR 1 630/grad2,4.070947837435567e-4,3.9562285540409206e-4,4.2292189915424394e-4,4.62378088591748e-5,3.61931950407793e-5,7.153484608057649e-5
PySR 1 630/autodiff,2.0804357875991255e-3,2.0230142026881966e-3,2.1630961026628207e-3,2.4133096527892398e-4,2.1137704144551307e-4,2.9119201831146195e-4
PySR 1 640/warmup,6.813504272647546e-5,6.620383291008746e-5,7.237816436808752e-5,8.890067659575387e-6,5.203810217894849e-6,1.5615924956616225e-5
PySR 1 640/grad,3.7169023343378303e-4,3.664124672679657e-4,3.7723643872418044e-4,1.866426595753736e-5,1.514178813874359e-5,2.469244330683653e-5
PySR 1 640/grad2,3.7919976609935527e-4,3.7611435721504437e-4,3.83112613123138e-4,1.2071549572856436e-5,8.366069275523592e-6,1.6817874778819964e-5
PySR 1 640/autodiff,1.902664426408645e-3,1.8725576303270355e-3,1.9438577933888373e-3,1.1346681395666657e-4,7.961724998686124e-5,1.6881110206199798e-4
PySR 1 650/warmup,6.539236016490381e-5,6.505321257100916e-5,6.582841700880781e-5,1.239086027219265e-6,9.294858865126434e-7,1.7067315661874487e-6
PySR 1 650/grad,3.637040674226824e-4,3.5893705161934566e-4,3.687811461385406e-4,1.5780541579364655e-5,7.574469666996145e-6,2.463173044996441e-5
PySR 1 650/grad2,3.88908774518485e-4,3.863335495726528e-4,3.9406761819728834e-4,1.270882156011981e-5,8.19814966396462e-6,2.0390907391297913e-5
PySR 1 650/autodiff,1.9435629281607766e-3,1.9142614797705655e-3,2.022243232632036e-3,1.5479797708438102e-4,7.277955963009711e-5,2.966555315573898e-4
PySR 1 660/warmup,7.302748752921541e-5,6.948297105188582e-5,8.115467513634311e-5,1.7220119725234143e-5,1.006615175350578e-5,2.518501629499171e-5
PySR 1 660/grad,7.444600238707391e-4,6.738764957677474e-4,8.613496029907294e-4,2.8816176061928955e-4,1.9837312923319455e-4,4.1868147615194135e-4
PySR 1 660/grad2,4.796575736161613e-4,4.2390974248039063e-4,6.09295175621548e-4,2.558660343422128e-4,7.837677952193134e-5,4.2488457148984177e-4
PySR 1 660/autodiff,2.477133796972226e-3,2.3100135305840265e-3,2.6623593363094156e-3,5.631613364372972e-4,4.971278605965272e-4,6.483065491135966e-4
PySR 1 670/warmup,6.627525743949336e-5,6.541266108928165e-5,6.92419601265298e-5,5.226379153217249e-6,1.530182136104106e-6,1.050073881186373e-5
PySR 1 670/grad,3.564106546294768e-4,3.5468047087115046e-4,3.585637756360292e-4,6.441742491484189e-6,5.277589422204495e-6,8.809927308070254e-6
PySR 1 670/grad2,3.7843638267413495e-4,3.7580462816925645e-4,3.841964901086107e-4,1.2916883718980646e-5,7.801121792907247e-6,2.261123034231351e-5
PySR 1 670/autodiff,1.9548491670586666e-3,1.9427743985442115e-3,1.9725815569322847e-3,4.886173633518358e-5,3.785758274510617e-5,6.128994623642139e-5
PySR 1 680/warmup,6.548775424211967e-5,6.521151756390563e-5,6.583398546266799e-5,1.152900393994188e-6,8.165117833013266e-7,1.8117773303641794e-6
PySR 1 680/grad,3.8081204636829935e-4,3.6288722385839807e-4,4.5199272902971455e-4,1.0787924556217926e-4,9.093079561133224e-6,2.2483753278290612e-4
PySR 1 680/grad2,3.8121916651029267e-4,3.788013752911524e-4,3.913955246469455e-4,1.3402822044895665e-5,5.586967369927127e-6,2.8163878468943596e-5
PySR 1 680/autodiff,2.5401207151978015e-3,2.3920733909968362e-3,2.6996839413409024e-3,5.590786975887738e-4,4.2848266386243323e-4,8.33750006827604e-4
PySR 1 690/warmup,7.843964350812607e-5,7.38647111993475e-5,8.296801177766811e-5,1.4468119659152237e-5,1.2242137164436167e-5,1.7112586113338183e-5
PySR 1 690/grad,4.7658739096552655e-4,4.549287208480263e-4,4.945242093319888e-4,6.791966855010765e-5,5.459482708580692e-5,8.449014458466064e-5
PySR 1 690/grad2,4.23828576499417e-4,4.1209122168895464e-4,4.543118710333073e-4,5.632005036451155e-5,2.6943662606863728e-5,1.0022439422543075e-4
PySR 1 690/autodiff,2.2087564404958994e-3,2.163670568958163e-3,2.2908283805466553e-3,2.0256642788498753e-4,1.1824757930092098e-4,3.5336655340892207e-4
PySR 1 700/warmup,7.15621322387269e-5,7.10328638806848e-5,7.225076743912208e-5,2.110474363911016e-6,1.4039730137011288e-6,3.014036814257455e-6
PySR 1 700/grad,4.017513284673959e-4,3.965488112617654e-4,4.204959150394666e-4,3.0653812731486114e-5,1.2557149668054743e-5,6.126662834885021e-5
PySR 1 700/grad2,4.2142767540285586e-4,4.1588912794398826e-4,4.2859549930416863e-4,2.01834291562029e-5,1.4185264301459606e-5,2.989903884001784e-5
PySR 1 700/autodiff,2.5196952898201026e-3,2.4506940189207406e-3,2.5755532333417356e-3,2.1741149733845667e-4,1.8436597077194777e-4,2.4487539864191513e-4
PySR 1 710/warmup,6.724275757384828e-5,6.601050111284088e-5,6.881387823858704e-5,4.393622374727105e-6,3.14463402998738e-6,5.398610388611723e-6
PySR 1 710/grad,4.0204472821051224e-4,3.9923150849761343e-4,4.0929886138951695e-4,1.2329771452031944e-5,6.646238891401964e-6,2.2091321891012487e-5
PySR 1 710/grad2,4.41459339192067e-4,4.327872675419709e-4,4.660000906041978e-4,4.452998240243969e-5,2.4018445020167705e-5,8.266457447577523e-5
PySR 1 710/autodiff,2.285316230321779e-3,2.2520015245391005e-3,2.321256152778762e-3,1.1887279095421092e-4,8.031289526473921e-5,1.5164383690837946e-4
PySR 1 720/warmup,7.220589984639816e-5,7.090626946067326e-5,7.39620294521621e-5,5.3080694106936275e-6,4.235729371153822e-6,7.231749712200155e-6
PySR 1 720/grad,4.3082520309617103e-4,4.223633345483338e-4,4.4640887353089695e-4,3.6930901767795345e-5,2.586710220398694e-5,5.3813867820743924e-5
PySR 1 720/grad2,4.487118895528878e-4,4.339887670702304e-4,4.6842924083389164e-4,5.487302334031681e-5,3.906605636507155e-5,7.369331364389605e-5
PySR 1 720/autodiff,2.4459093478608916e-3,2.3370038669977096e-3,2.62274783893525e-3,4.2940676692248804e-4,3.382930031364409e-4,5.299462982694819e-4
PySR 1 730/warmup,8.880758351782316e-5,8.677602740495826e-5,9.032637321200372e-5,5.990818180861701e-6,2.626770345467577e-6,8.990707186048408e-6
PySR 1 730/grad,6.039778129874027e-4,5.861608977555371e-4,6.403219309643891e-4,8.454939987663267e-5,3.226446017432875e-5,1.4892450057470713e-4
PySR 1 730/grad2,6.144420024144414e-4,6.048405005919192e-4,6.225122684131272e-4,3.0834604185043565e-5,2.533930998428805e-5,3.909804014944843e-5
PySR 1 730/autodiff,3.4120886677974213e-3,3.3241930564843316e-3,3.4967831023542486e-3,3.237223102815746e-4,2.70830973242729e-4,3.8056973921222527e-4
PySR 1 740/warmup,8.479470005779617e-5,8.112659410249612e-5,8.93006321342748e-5,1.4845178042784156e-5,1.1860772664214437e-5,1.8326489945394768e-5
PySR 1 740/grad,3.9161834765948355e-4,3.866956596720033e-4,3.9798220154400865e-4,1.9598515205893967e-5,1.7401126436243614e-5,2.2249401837258845e-5
PySR 1 740/grad2,4.4045631632905945e-4,4.3834419176324544e-4,4.431217554393615e-4,7.816043173581908e-6,5.63543575867519e-6,1.0412604431920145e-5
PySR 1 740/autodiff,2.5710184737784384e-3,2.491069059640207e-3,2.7206937559978313e-3,3.5175678123865406e-4,2.557556227249018e-4,4.4997304508023766e-4
PySR 1 750/warmup,7.658703316383246e-5,7.408579641500795e-5,7.948495758595801e-5,8.382332377433121e-6,5.826765422196356e-6,1.1207416019366384e-5
PySR 1 750/grad,4.245351907374016e-4,4.226132743780291e-4,4.268845581139463e-4,7.600073728224665e-6,6.232317884034545e-6,9.613603025445085e-6
PySR 1 750/grad2,4.461872270595489e-4,4.4297308561049974e-4,4.5176445690790605e-4,1.220447213804564e-5,7.363805971186242e-6,1.701240889301582e-5
PySR 1 750/autodiff,2.4197900859430983e-3,2.402241125939275e-3,2.4430491143661837e-3,6.497692610108615e-5,4.7914808835374676e-5,8.78025047574772e-5
PySR 1 760/warmup,7.720117352516466e-5,7.67307711241249e-5,7.766061967020482e-5,1.5341917174844929e-6,1.252065033005104e-6,1.945068812988421e-6
PySR 1 760/grad,4.2549094290847243e-4,4.242307928561776e-4,4.27375557295439e-4,5.192661788504393e-6,4.262265259671399e-6,6.334192010979497e-6
PySR 1 760/grad2,4.4592151362955317e-4,4.4468023073157786e-4,4.475372564466731e-4,4.485302032039605e-6,3.5545625121816803e-6,5.2200603862601385e-6
PySR 1 760/autodiff,2.5128704926331304e-3,2.495572476097564e-3,2.5317407707628682e-3,6.685373197502762e-5,4.959162490936432e-5,8.457152253959769e-5
PySR 1 770/warmup,7.742311723405565e-5,7.704293342773543e-5,7.842351546454623e-5,1.9851120941150913e-6,1.0510280768925772e-6,3.958720665354861e-6
PySR 1 770/grad,4.377757424465712e-4,4.33209326368092e-4,4.5256049696034637e-4,2.614226389697255e-5,5.440206347156591e-6,4.8617271404511975e-5
PySR 1 770/grad2,4.6674919841555495e-4,4.584043487804585e-4,4.898151087414317e-4,4.7012831123952514e-5,1.980826424839388e-5,7.51389566010443e-5
PySR 1 770/autodiff,2.68535910848746e-3,2.6049774353896944e-3,2.8008215215983272e-3,3.325580770503015e-4,1.9956608891284901e-4,4.7589838663790766e-4
PySR 1 780/warmup,7.63724109658675e-5,7.542526836647043e-5,7.791012947326471e-5,4.042341414757886e-6,2.7458252955066015e-6,5.9964668114862e-6
PySR 1 780/grad,4.206636233912239e-4,4.1775051581809125e-4,4.2498638384850146e-4,1.2212409028978274e-5,7.054306445353329e-6,1.994536892238851e-5
PySR 1 780/grad2,4.660968966366108e-4,4.5239784653275183e-4,4.920219144516614e-4,6.25061998035946e-5,3.52363340100458e-5,1.0272896386923841e-4
PySR 1 780/autodiff,2.5512039969740703e-3,2.516534348379803e-3,2.6067198456010553e-3,1.4869516534892486e-4,1.011327251011197e-4,1.9417139699133543e-4
PySR 1 790/warmup,7.627074168359227e-5,7.548918417741337e-5,7.669955742945668e-5,1.8383905901701043e-6,1.240024342650057e-6,2.6547002265454667e-6
PySR 1 790/grad,4.2825092361528503e-4,4.2666134495983164e-4,4.3065638467530253e-4,6.381537009385201e-6,4.774735248453831e-6,9.342360289351943e-6
PySR 1 790/grad2,4.4614068347627637e-4,4.4438567103569115e-4,4.485188963388976e-4,7.245195319161452e-6,5.858165916827184e-6,9.39371185551361e-6
PySR 1 790/autodiff,2.5768836820730585e-3,2.5553883472985155e-3,2.604191039920678e-3,7.647959192219301e-5,4.887036936755912e-5,1.0178215330796515e-4
PySR 1 800/warmup,7.60601563684258e-5,7.516568998176635e-5,7.67776507891039e-5,2.8180445566054827e-6,1.8104031991210233e-6,3.923466295671066e-6
PySR 1 800/grad,4.323066152282494e-4,4.309765811507791e-4,4.341854005419045e-4,5.333490517463042e-6,4.104093057261993e-6,6.867633661175836e-6
PySR 1 800/grad2,4.503959263975651e-4,4.486303014446353e-4,4.526896666355e-4,6.60831731640479e-6,5.45086251197837e-6,9.34748553274902e-6
PySR 1 800/autodiff,2.623891823648999e-3,2.6082902320152513e-3,2.647340828434707e-3,6.555928320069e-5,4.3410264773585746e-5,8.52049400401275e-5
PySR 1 810/warmup,7.748035009297807e-5,7.63850804375941e-5,7.793402227963855e-5,2.233772011539303e-6,1.5843376419205832e-6,3.137184052629698e-6
PySR 1 810/grad,4.369808361792398e-4,4.3615109423013245e-4,4.3842954140171594e-4,3.3179469700240235e-6,2.329789120338591e-6,4.68194862776887e-6
PySR 1 810/grad2,4.8219987182242875e-4,4.723047379474478e-4,5.060495148378157e-4,4.642992358943617e-5,2.8834874204553384e-5,7.672792434563749e-5
PySR 1 810/autodiff,3.337028057416584e-3,3.1878588582602606e-3,3.502755519118919e-3,4.806945310678379e-4,3.9332687688656455e-4,5.858558739862193e-4
PySR 1 820/warmup,8.940336031763521e-5,8.768619668809715e-5,9.127353187273209e-5,6.452297437952609e-6,5.650579337442002e-6,7.539109243260634e-6
PySR 1 820/grad,7.210168597874472e-4,6.745205082434074e-4,7.663198009341358e-4,1.64661613106962e-4,1.419423523897644e-4,1.9885619289620283e-4
PySR 1 820/grad2,5.420849298817527e-4,5.248854874903578e-4,5.653874768087264e-4,7.160112349254092e-5,5.5266528472897736e-5,9.290729023903059e-5
PySR 1 820/autodiff,3.7234952832100677e-3,3.5902747859447694e-3,3.884602767280823e-3,5.003098667004584e-4,4.1536017796873635e-4,6.02826878476281e-4
PySR 1 830/warmup,9.178549204430868e-5,8.87688707588634e-5,9.510539359821358e-5,1.102208349874607e-5,8.630138216766236e-6,1.3167088230555382e-5
PySR 1 830/grad,4.99198356001568e-4,4.8706286655385126e-4,5.247642684728856e-4,5.169761448335259e-5,3.316612054131129e-5,7.868256360738841e-5
PySR 1 830/grad2,5.095168232899562e-4,4.908770837779126e-4,5.395106787125693e-4,7.695902092671334e-5,5.489187777682182e-5,1.0221648946076672e-4
PySR 1 830/autodiff,3.1937218334700803e-3,3.0668955121822957e-3,3.360291489865231e-3,4.647178638718663e-4,3.746072141321151e-4,5.60765208498404e-4
PySR 1 840/warmup,8.174880818417634e-5,8.024739887608908e-5,8.379684265420353e-5,5.593727683854841e-6,3.4013840720514598e-6,9.361440682457069e-6
PySR 1 840/grad,5.130860881823992e-4,4.822923333023386e-4,5.924825594795478e-4,1.6004176842031675e-4,3.9559805454575424e-5,3.2751179438919554e-4
PySR 1 840/grad2,5.165062313532685e-4,5.002035797156483e-4,5.627637134858075e-4,7.490975295962448e-5,3.996602608059518e-5,1.2889219736578146e-4
PySR 1 840/autodiff,3.3689361119822706e-3,3.221103648420095e-3,3.5491557024348703e-3,5.301906785351047e-4,4.582048070862965e-4,6.174713068563126e-4
PySR 1 850/warmup,1.2764544011508708e-4,1.1889895414029296e-4,1.3893559898891193e-4,2.727612260840042e-5,2.3056928164164583e-5,3.297072420566053e-5
PySR 1 850/grad,5.393896777182718e-4,5.112918506641036e-4,5.860950393694274e-4,1.1190761212864313e-4,6.509387017857668e-5,1.6237580802391747e-4
PySR 1 850/grad2,4.935413130781505e-4,4.898728720943768e-4,4.98050537681913e-4,1.3300691535251675e-5,1.0983493406085139e-5,1.7119234386450644e-5
PySR 1 850/autodiff,3.2629961221871963e-3,3.1352516572025957e-3,3.449454140423336e-3,4.796404224677744e-4,3.9651041905139264e-4,5.883046930529242e-4
PySR 1 860/warmup,8.606411225448307e-5,8.330082121271546e-5,9.046083508943125e-5,1.0682174247084364e-5,8.288739553855502e-6,1.4297523641324788e-5
PySR 1 860/grad,6.640904872068695e-4,6.001543268322541e-4,7.90574940498222e-4,3.2869654694534715e-4,2.3920180426767424e-4,4.8502498204799265e-4
PySR 1 860/grad2,5.540034324733848e-4,5.259254920921436e-4,5.825713549443242e-4,9.532097851386332e-5,7.524575856275108e-5,1.1750191016218532e-4
PySR 1 860/autodiff,3.305005001454391e-3,3.175134549671746e-3,3.4560657344124366e-3,4.543717433867468e-4,2.930017257698287e-4,5.777877676886691e-4
PySR 1 870/warmup,8.459750693075115e-5,8.21113537869707e-5,9.001233147407497e-5,1.1375212736734116e-5,8.442725577444406e-6,1.591011387289023e-5
PySR 1 870/grad,5.785479640996354e-4,5.301658493320427e-4,6.352357375702593e-4,1.8122548874744453e-4,1.3549197386284e-4,2.658074851648121e-4
PySR 1 870/grad2,5.0206791170217e-4,4.852127230038825e-4,5.236583223838735e-4,6.536326776078742e-5,4.429803211986599e-5,8.560546497515975e-5
PySR 1 870/autodiff,3.351210887805927e-3,3.268037544151814e-3,3.481778028407212e-3,3.358645091787804e-4,2.454793371723016e-4,4.652630333074973e-4
PySR 1 880/warmup,9.832760567715606e-5,9.348250653264399e-5,1.0373448219799839e-4,1.851342287056809e-5,1.564759562831824e-5,2.342801277925279e-5
PySR 1 880/grad,6.905053670236584e-4,6.3599993413342e-4,7.453095103988598e-4,1.7410798526890873e-4,1.4964616625218264e-4,2.1225915765036465e-4
PySR 1 880/grad2,5.411977267045571e-4,5.208529755650401e-4,5.794573036351017e-4,8.615572952098505e-5,5.545533700125208e-5,1.2972983886208557e-4
PySR 1 880/autodiff,3.643926334746671e-3,3.5041220626383664e-3,3.8600141468413483e-3,5.404766138405972e-4,4.2740985906745824e-4,6.971333422202817e-4
PySR 1 890/warmup,9.624108598894315e-5,9.36053127173571e-5,9.796594310366537e-5,6.940500876887065e-6,5.747627335660011e-6,9.436505450027752e-6
PySR 1 890/grad,5.469106306178072e-4,5.329957738770565e-4,5.597961055758137e-4,4.579602048899028e-5,3.4776353020042615e-5,5.610258783683523e-5
PySR 1 890/grad2,5.461895977163224e-4,5.300529768649069e-4,5.624123759062824e-4,5.5265430073426816e-5,4.373346722965443e-5,6.944967068515668e-5
PySR 1 890/autodiff,3.5914233674519333e-3,3.4526142605304224e-3,3.864001366099176e-3,6.32350325604647e-4,3.568773395420201e-4,1.1632106428727557e-3
PySR 1 900/warmup,9.199679979152873e-5,8.965111334718148e-5,9.496882522629733e-5,8.812496443053229e-6,7.944630662610245e-6,1.0365057393531142e-5
PySR 1 900/grad,5.792896507601899e-4,5.615995976169511e-4,6.268342456075796e-4,1.0010775176804878e-4,5.4685167310995315e-5,1.8659032998984324e-4
PySR 1 900/grad2,5.742144225424193e-4,5.61039137181585e-4,5.882705933234352e-4,4.2823704921151216e-5,3.7904025559896324e-5,4.98938831598317e-5
PySR 1 900/autodiff,4.102952008485225e-3,3.969014436718401e-3,4.231717407694689e-3,4.0054954135480277e-4,3.3265053670472155e-4,4.996702708221234e-4
PySR 1 910/warmup,8.805700057002679e-5,8.495267520126965e-5,9.180224050080846e-5,1.1412378924055983e-5,7.712392049455271e-6,1.5748893198160023e-5
PySR 1 910/grad,5.584317028055189e-4,5.479356900406054e-4,5.760274747442576e-4,4.7716346608223014e-5,3.132315420402824e-5,7.07471635596459e-5
PySR 1 910/grad2,5.494364433809576e-4,5.356266531950224e-4,5.611078997309083e-4,4.096580305172172e-5,2.8454807919006204e-5,5.649264681174406e-5
PySR 1 910/autodiff,4.35112824999314e-3,4.260250323579778e-3,4.498144728908759e-3,3.9978870374520565e-4,2.984931519546488e-4,5.70387475836596e-4
PySR 1 920/warmup,1.0650166901854578e-4,1.0012579867727256e-4,1.1476185144391812e-4,2.6143876192867403e-5,2.1626182200767907e-5,3.37674746310609e-5
PySR 1 920/grad,6.316143861998741e-4,5.8688546650608e-4,6.942847334561497e-4,1.7648651758868456e-4,1.2577734030821597e-4,2.4074694471884904e-4
PySR 1 920/grad2,8.483591620533045e-4,8.043204230325248e-4,9.030917848723156e-4,1.4647091229796712e-4,1.1649987610245012e-4,1.8562051412806402e-4
PySR 1 920/autodiff,5.013615475919458e-3,4.927232412473902e-3,5.114678517214582e-3,2.576522109153684e-4,2.0626056770683425e-4,3.318655201585666e-4
PySR 1 930/warmup,1.0848083008229743e-4,1.024893305182145e-4,1.1712376392343496e-4,2.5143338312984933e-5,2.0999888798584583e-5,3.2240749031768965e-5
PySR 1 930/grad,6.625944524675419e-4,6.194986673913143e-4,7.16203637500166e-4,1.6014400874204835e-4,1.149266792910727e-4,2.2399590693260882e-4
PySR 1 930/grad2,7.572984001804099e-4,6.761487187801427e-4,9.001846078475823e-4,3.427574418350862e-4,2.1246209404686444e-4,5.370049384610554e-4
PySR 1 930/autodiff,4.698396641247436e-3,4.226417480156666e-3,5.388738589298075e-3,1.8695287160266922e-3,1.3453808405594755e-3,2.417326149314275e-3
PySR 1 940/warmup,1.0210967558504919e-4,9.340453966336145e-5,1.2214867661962235e-4,3.905679680580027e-5,2.8550666218125185e-5,5.770265069172839e-5
PySR 1 940/grad,8.155765499731701e-4,6.69555279332839e-4,1.0508191158829234e-3,6.219682148009643e-4,4.557633549708332e-4,7.853637104934053e-4
PySR 1 940/grad2,5.808657309447448e-4,5.608353414664159e-4,6.215180358572022e-4,9.124121677951051e-5,6.404501230668696e-5,1.4835933399874268e-4
PySR 1 940/autodiff,4.166643299229441e-3,3.961096801864436e-3,4.595634997778189e-3,9.187204542179275e-4,4.473634051696792e-4,1.4901223822346545e-3
PySR 1 950/warmup,1.1090739450180361e-4,1.0532497959103556e-4,1.2011253721461104e-4,2.3087930603529405e-5,1.759927252128123e-5,3.068513671994949e-5
PySR 1 950/grad,5.326232273316183e-4,5.282701816664003e-4,5.402191397112368e-4,2.2751000328084073e-5,1.4615420892884838e-5,3.370853563514274e-5
PySR 1 950/grad2,5.841048336496715e-4,5.658786711457896e-4,6.079488645381049e-4,6.944105370399163e-5,5.168501752989192e-5,9.756847048408894e-5
PySR 1 950/autodiff,4.324541583629266e-3,4.145873317146241e-3,4.692884221401444e-3,8.263301760948429e-4,4.1397324942983154e-4,1.2775898628259953e-3
PySR 1 960/warmup,8.839736158353239e-5,8.666057943590875e-5,9.071494571667477e-5,6.723621092712567e-6,5.270405881535892e-6,8.747136349294104e-6
PySR 1 960/grad,5.357514503599191e-4,5.338125115093497e-4,5.379508399926565e-4,6.862047990161944e-6,5.1274014713645056e-6,9.61078523085659e-6
PySR 1 960/grad2,6.012215937216473e-4,5.801022243578209e-4,6.293846328740901e-4,8.406836868767088e-5,5.481200979753845e-5,1.0915640956972192e-4
PySR 1 960/autodiff,4.835599039501996e-3,4.641179613043033e-3,5.0188223596429075e-3,6.504785130697423e-4,5.890257647902946e-4,7.877576754251201e-4
PySR 1 970/warmup,1.7589279092719334e-4,1.5757469787052732e-4,1.925200006715174e-4,6.009652661348404e-5,5.203061313902017e-5,6.986098003351141e-5
PySR 1 970/grad,6.151826127079774e-4,5.947338952595955e-4,6.353994481549569e-4,6.959239686399229e-5,6.0859725186303336e-5,8.11200703474678e-5
PySR 1 970/grad2,6.919032954189665e-4,6.340030894578289e-4,7.59656772938307e-4,2.136885745700971e-4,1.7140582278237418e-4,2.661428842482492e-4
PySR 1 970/autodiff,8.178037334157225e-3,7.344641164698943e-3,9.68590405271059e-3,3.27863943384955e-3,2.885423467512838e-3,4.066979812387845e-3
PySR 1 980/warmup,1.1183701314211807e-4,1.0596407670025444e-4,1.2252045255962182e-4,2.5824945679286553e-5,2.0219873060547618e-5,3.088027477983126e-5
PySR 1 980/grad,5.93986187137418e-4,5.798780343111503e-4,6.173365184585346e-4,5.8628622788158245e-5,3.895969685525225e-5,9.31028922453241e-5
PySR 1 980/grad2,6.749453096907556e-4,6.271354948102968e-4,7.668430964045799e-4,2.173297976775025e-4,1.3771198973542767e-4,3.3617718530290275e-4
PySR 1 980/autodiff,4.225854721144285e-3,4.128167701686232e-3,4.352613790906004e-3,3.748552361486702e-4,2.9171627191020016e-4,5.28625641956905e-4
PySR 1 990/warmup,9.347432811217237e-5,9.232142872740716e-5,9.446857588982653e-5,3.888748424829973e-6,3.226728510390379e-6,4.508725985067613e-6
PySR 1 990/grad,5.481351780397374e-4,5.463722172716888e-4,5.506512791761636e-4,6.9944535531404144e-6,5.234023998372724e-6,9.786448828459617e-6
PySR 1 990/grad2,5.922980858492623e-4,5.803872739269188e-4,6.132736081758552e-4,5.3282970854279744e-5,4.005016455109832e-5,6.988037939048772e-5
PySR 1 990/autodiff,4.474695543286551e-3,4.287397067660342e-3,4.6816603252714944e-3,6.20270004522461e-4,5.048777888391859e-4,7.474961628246965e-4
PySR 1 1000/warmup,1.1046429671631106e-4,1.0438225499633498e-4,1.1836440110333163e-4,2.243855245744635e-5,1.4599073917316038e-5,3.2232722054495776e-5
PySR 1 1000/grad,5.769514747511239e-4,5.661658887194326e-4,5.967743123368043e-4,5.018350921831218e-5,2.4370715649781977e-5,8.59544773559549e-5
PySR 1 1000/grad2,6.690767791266811e-4,6.199335406457538e-4,7.540647742811191e-4,2.090304084013654e-4,8.112359938356055e-5,3.3828765795744736e-4
PySR 1 1000/autodiff,4.536680598274832e-3,4.379742680225057e-3,4.720090427629301e-3,5.679382227773063e-4,4.8408434795273284e-4,7.478194898977225e-4
