students,teachers,calworks,lunch,computer,expenditure,income,math
195,10.899999618530272,0.510200023651123,2.040800094604492,67,6384.9111328125,22.690000534057617,690.0
240,11.149999618530272,15.41670036315918,47.91669845581055,101,5099.380859375,9.824000358581545,661.9000244140625
1550,82.9000015258789,55.03229904174805,76.32260131835938,169,5501.95458984375,8.977999687194824,650.9000244140625
243,14.0,36.475399017333984,77.04920196533203,85,7101.8310546875,8.977999687194824,643.5
1335,71.5,33.10860061645508,78.427001953125,171,5235.98779296875,9.08033275604248,639.9000244140625
137,6.400000095367432,12.31879997253418,86.95649719238281,25,5580.14697265625,10.414999961853027,605.4000244140625
195,10.0,12.903200149536133,94.62370300292967,28,5253.3310546875,6.577000141143799,609.0
888,42.5,18.806299209594727,100.0,66,4565.74609375,8.173999786376953,612.5
379,19.0,32.189998626708984,93.13980102539062,35,5355.54833984375,7.385000228881836,616.0999755859375
2247,108.0,78.99420166015625,87.31639862060547,0,5036.21142578125,11.613332748413086,613.4000244140625
446,21.0,18.609899520874023,85.87439727783203,86,4547.6923828125,8.930999755859375,618.7000122070312
987,47.0,71.71309661865234,98.60559844970705,56,5447.34521484375,7.385000228881836,616.0
103,5.0,22.42989921569824,98.13079833984376,25,6567.1494140625,5.335000038146973,619.7999877929688
487,24.34000015258789,24.609399795532227,77.14839935302734,0,4818.61279296875,8.279000282287598,622.5999755859375
649,36.0,14.637900352478027,76.27120208740234,31,5621.4560546875,9.630000114440918,621.0
852,42.06999969482422,24.21419906616211,94.2957000732422,80,6026.35986328125,7.453999996185303,619.9000244140625
491,28.920000076293945,11.201600074768066,97.75969696044922,100,6723.23779296875,6.216000080108643,624.4000244140625
421,25.5,8.55109977722168,77.90969848632812,50,5589.88525390625,7.763999938964844,621.7000122070312
6880,303.0299987792969,21.282400131225582,94.97119903564452,960,5064.61572265625,7.021999835968018,620.5
2688,135.0,23.4375,93.2292022705078,139,5433.59326171875,5.698999881744385,619.2999877929688
440,24.0,34.772701263427734,100.0,69,5725.5634765625,7.940999984741211,625.4000244140625
475,21.0,21.64949989318848,91.54640197753906,53,4542.10498046875,9.630000114440918,622.9000244140625
2538,130.5,18.91110038757324,70.81670379638672,169,5107.08642578125,7.40500020980835,620.5999755859375
476,19.0,43.855899810791016,100.0,0,4659.66162109375,9.630000114440918,623.4000244140625
2357,114.0,16.801000595092773,90.62370300292967,216,4555.46435546875,8.019000053405762,625.7000122070312
1588,85.0,22.40719985961914,85.14720153808594,198,5415.15283203125,8.52299976348877,621.2000122070312
7306,319.79998779296875,17.00149917602539,88.03489685058594,742,4997.87158203125,7.983181476593018,626.0
2601,135.0,15.071100234985352,92.19529724121094,269,5223.912109375,7.304999828338623,630.4000244140625
847,44.0,16.292800903320312,90.20069885253906,67,5139.16455078125,8.934000015258789,627.0999755859375
452,22.0,14.498900413513184,81.02349853515625,55,4614.251953125,8.553999900817871,620.4000244140625
4142,201.0,35.5625,81.50650024414062,569,5342.2333984375,6.61299991607666,628.7000122070312
2102,99.75,15.319899559020996,90.28489685058594,224,5347.45849609375,12.409000396728516,626.9000244140625
10012,464.8999938964844,29.763900756835938,91.59339904785156,721,5036.458984375,8.126615524291992,629.7999877929688
2488,125.0,12.69200038909912,55.09299850463867,202,5117.1416015625,11.430999755859377,625.5999755859375
25151,1186.699951171875,17.44260025024414,80.19560241699219,1713,5117.03955078125,11.722225189208984,626.7999877929688
2267,103.68000030517578,19.15169906616211,84.43379974365234,177,5272.19189453125,11.332500457763672,628.2000122070312
1657,90.4000015258789,28.847299575805664,84.73139953613281,204,5225.71923828125,9.597999572753906,630.2000122070312
284,17.5,14.527000427246094,94.93240356445312,18,6516.533203125,14.55799961090088,625.2999877929688
5370,280.0,19.57169914245605,81.11730194091797,562,4559.1767578125,22.059999465942383,630.0999755859375
2471,121.86000061035156,23.79599952697754,87.7781982421875,275,5119.158203125,9.708999633789062,627.0999755859375
15386,669.3599853515625,12.506400108337402,71.43309783935547,1762,5338.185546875,11.48294448852539,628.7000122070312
184,9.0,22.28260040283203,85.86959838867188,40,5090.044921875,8.178000450134277,635.2000122070312
1217,61.400001525878906,33.90800094604492,88.09519958496094,78,5485.49609375,8.173999786376953,627.7000122070312
6219,268.0,21.49860000610352,100.0,571,4793.3701171875,7.5,636.2000122070312
4258,221.0,24.659500122070312,92.74310302734376,324,5092.91748046875,10.05049991607666,631.0
1235,53.0,8.218299865722656,62.13019943237305,175,4359.52099609375,7.331999778747559,629.4000244140625
16244,766.6500244140625,17.453100204467773,69.73989868164062,1423,5645.49560546875,12.58157730102539,631.2000122070312
814,39.0,19.77890014648437,67.4447021484375,85,4518.01611328125,15.177000045776367,628.9000244140625
27176,1429.0,39.21839904785156,84.29499816894531,3324,5864.3662109375,12.10912799835205,629.5
10696,487.9700012207031,22.15780067443848,70.89569854736328,1306,5257.99658203125,11.78499984741211,632.5999755859375
8935,444.5,36.945098876953125,79.51200103759766,786,5016.6923828125,14.062000274658203,633.7000122070312
1600,74.5,27.26140022277832,79.72550201416016,242,4720.08642578125,10.472000122070312,627.0999755859375
9028,449.9200134277344,13.988499641418455,69.94249725341797,669,5470.5625,13.40511703491211,630.7000122070312
10625,521.469970703125,7.497499942779541,77.52559661865234,896,5615.44189453125,12.301799774169922,634.2000122070312
7151,318.5799865722656,18.548099517822266,61.73820114135742,560,5245.43994140625,15.404070854187012,629.7000122070312
2404,105.0,20.927400588989254,52.94350051879883,202,4838.17529296875,13.76200008392334,630.5
5804,283.1499938964844,28.342500686645508,81.11650085449219,480,5367.98828125,14.184000015258787,633.0
2253,112.6500015258789,43.49760055541992,84.55390167236328,196,5526.23681640625,8.864999771118164,627.0
2807,126.12000274658205,15.459500312805176,52.39640045166016,152,4353.01953125,12.996999740600586,627.5999755859375
3074,142.5500030517578,11.289799690246582,66.19490051269531,249,5034.2900390625,11.592000007629396,632.5
723,37.119998931884766,25.92110061645508,83.15789794921875,45,4692.49365234375,8.279000282287598,636.7000122070312
5138,290.7749938964844,58.752201080322266,84.9990005493164,560,5606.78173828125,10.90564250946045,635.7999877929688
20927,953.5,10.911399841308594,82.3926010131836,1048,4969.1806640625,13.400625228881836,636.7000122070312
3017,138.5,14.976799964904783,56.0635986328125,496,4675.6748046875,11.081000328063965,632.9000244140625
957,50.0,27.16819953918457,82.13169860839844,149,5306.1328125,9.08199977874756,633.0999755859375
1639,90.5,46.88819885253906,80.60420227050781,287,5693.88330078125,13.390000343322754,629.5999755859375
4340,209.83999633789065,17.702600479125977,93.92269897460936,284,5181.57958984375,14.601625442504885,636.2000122070312
5079,224.5,25.55929946899414,63.8036003112793,585,5228.65087890625,11.116000175476074,630.5
6639,304.7300109863281,26.84140014648437,100.0,505,5339.39111328125,8.42300033569336,636.7000122070312
1154,62.09999847412109,22.92770004272461,84.92060089111328,129,6056.4970703125,11.664999961853027,631.5
237,11.0,19.831199645996094,76.79319763183594,13,4845.68017578125,7.304999828338623,636.5999755859375
2987,141.2100067138672,21.2588005065918,68.39640045166016,273,4826.666015625,13.730599403381348,631.0999755859375
499,30.0,40.367000579833984,83.11930084228516,94,5367.09033203125,11.116000175476074,633.5999755859375
11474,542.6500244140625,40.5526008605957,77.00890350341797,1248,5742.73291015625,10.364428520202637,636.2000122070312
1088,55.0,14.154399871826172,86.02940368652344,107,4136.2509765625,6.982999801635742,638.7000122070312
2660,140.1199951171875,15.76010036468506,74.85099792480469,259,5267.8310546875,14.46780014038086,632.0999755859375
353,19.979999542236328,8.672100067138672,33.06230163574219,8,5238.39208984375,14.652999877929688,633.5
329,18.530000686645508,28.915700912475582,85.54219818115234,37,5462.8994140625,10.628999710083008,626.0999755859375
252,16.5,23.45680046081543,66.25509643554688,32,6313.37353515625,9.781000137329102,630.0
175,12.5,21.76469993591309,68.82350158691406,31,6653.03076171875,10.656000137329102,636.5999755859375
3835,186.1999969482422,13.991100311279297,72.86280059814453,897,5533.1494140625,11.937999725341797,638.2000122070312
314,19.25,29.93630027770996,93.63059997558594,8,6118.71044921875,7.385000228881836,634.7999877929688
4458,211.0,22.22220039367676,72.32080078125,445,5098.626953125,10.675999641418455,638.7000122070312
1313,75.08000183105469,32.08679962158203,73.59760284423828,112,5652.87890625,9.972000122070312,638.2999877929688
474,26.5,21.518999099731445,75.7384033203125,36,5329.00244140625,8.258000373840332,638.2999877929688
1114,57.70000076293945,29.446800231933597,62.212799072265625,277,5929.80908203125,8.895999908447266,627.7999877929688
1358,65.0,14.790300369262695,80.86830139160156,178,4897.06787109375,12.062000274658203,641.0999755859375
11629,546.2999877929688,25.3794002532959,83.87370300292969,1015,5100.2021484375,9.428894996643066,641.4000244140625
6195,306.75,21.04330062866211,68.5718994140625,1261,4825.72265625,8.920332908630371,637.7000122070312
499,20.0,23.69939994812012,80.92489624023438,35,4079.129150390625,10.097999572753906,637.9000244140625
417,23.0,19.90410041809082,46.0432014465332,27,5349.36767578125,11.829999923706056,636.2000122070312
300,15.0,48.34439849853516,72.1854019165039,55,5869.38916015625,11.553000450134276,633.7999877929688
457,24.399999618530277,16.816099166870117,67.71299743652344,50,6462.1279296875,19.707000732421875,630.4000244140625
146,8.0,25.342500686645508,54.10960006713867,34,6231.6015625,7.105000019073486,629.7999877929688
460,24.21999931335449,10.593199729919434,66.94920349121094,71,4993.86767578125,13.725000381469728,642.7000122070312
354,17.799999237060547,10.277799606323242,59.722198486328125,28,4663.81103515625,10.097999572753906,639.2999877929688
1841,95.0,25.257999420166016,64.74739837646484,315,6107.1064453125,13.76200008392334,636.0
3760,183.75,26.901599884033203,65.79609680175781,717,5324.22802734375,9.664999961853027,640.4000244140625
500,22.43000030517578,18.799999237060547,83.0,70,5221.4609375,10.263999938964844,646.2000122070312
5112,246.8999938964844,10.691200256347656,59.7234992980957,383,5157.78466796875,11.56920051574707,638.0999755859375
146,7.659999847412109,13.698599815368652,66.43840026855469,28,5131.119140625,7.40500020980835,639.5999755859375
2141,105.81999969482422,26.49650001525879,65.38279724121094,134,5279.35400390625,12.07699966430664,640.5
610,30.979999542236328,8.5246000289917,56.06560134887695,144,4704.0439453125,11.282999992370604,638.2000122070312
337,16.549999237060547,21.262500762939453,60.13290023803711,26,6089.91064453125,10.03499984741211,635.9000244140625
4501,227.8500061035156,19.12969970703125,63.90549850463867,597,5356.83349609375,8.383999824523926,638.7999877929688
5718,295.04998779296875,6.840700149536133,37.04560089111328,313,5144.54931640625,13.630000114440918,637.5999755859375
19402,846.3800048828125,20.523700714111328,51.24209976196289,1182,4906.22998046875,14.127667427062988,637.7999877929688
3401,175.5500030517578,52.21989822387695,74.27230072021484,560,5489.5888671875,11.266124725341797,638.0999755859375
2621,136.8300018310547,25.82979965209961,64.09770202636719,397,5718.55126953125,13.390000343322754,638.2999877929688
426,20.0,3.990600109100342,64.7886962890625,87,4436.15283203125,11.937999725341797,645.5
205,11.199999809265137,18.53660011291504,80.97560119628906,24,4895.439453125,8.258000373840332,636.7000122070312
13668,648.4099731445312,28.17530059814453,56.29940032958984,1321,5159.21875,14.226727485656738,639.9000244140625
342,18.200000762939453,11.395999908447266,68.09120178222656,98,5490.65478515625,10.472000122070312,643.2999877929688
6518,332.1000061035156,12.27910041809082,71.0238037109375,499,5172.01953125,14.242900848388672,643.0
239,12.199999809265137,15.61180019378662,69.62030029296875,30,4441.6728515625,14.065999984741213,636.9000244140625
2911,139.47000122070312,11.928500175476074,52.9734992980957,281,5220.3701171875,15.968000411987305,641.7999877929688
6272,297.0400085449219,28.71999931335449,71.76239776611328,1338,5252.810546875,10.263999938964844,643.5999755859375
10218,508.75,17.42020034790039,70.806396484375,1435,5518.7021484375,10.60247039794922,644.2999877929688
1735,87.13999938964844,47.26219940185547,75.50430297851561,222,5609.48779296875,10.52299976348877,642.2999877929688
474,26.61000061035156,20.67510032653809,82.06749725341797,96,4945.03173828125,11.23799991607666,644.7000122070312
544,30.0,20.550500869750977,74.86239624023438,145,5223.025390625,10.055999755859377,642.5999755859375
1987,103.37000274658205,15.281200408935549,54.65409851074219,283,4757.025390625,11.18299961090088,647.4000244140625
418,22.399999618530277,10.696499824523926,63.43280029296875,50,5522.16162109375,7.385000228881836,644.5999755859375
196,10.0,19.68910026550293,47.150299072265625,40,6087.60888671875,13.57900047302246,632.9000244140625
2208,114.5,14.413999557495115,53.21060180664063,92,4960.515625,9.630000114440918,644.0999755859375
1255,55.0,11.322199821472168,44.25970077514648,165,4880.04052734375,15.27400016784668,643.7999877929688
1469,78.0999984741211,20.96660041809082,80.25869750976561,65,6538.41796875,14.034250259399414,647.0999755859375
7114,332.8399963378906,34.594200134277344,82.57219696044922,680,4925.65966796875,10.239666938781738,647.9000244140625
1962,98.0,24.41510009765625,67.75180053710938,170,5204.6875,9.484999656677246,645.0999755859375
7761,361.0,6.491199970245361,44.476600646972656,658,4907.41064453125,15.029874801635742,642.7999877929688
216,14.0,9.416999816894531,48.87889862060547,47,5923.45166015625,9.781000137329102,634.2999877929688
224,10.0,7.142899990081787,58.03570175170898,31,4741.95703125,13.19200038909912,653.7999877929688
7887,391.8599853515625,16.40239906311035,57.07220077514648,1004,4954.01953125,12.215999603271484,641.7000122070312
752,39.5,11.71049976348877,34.07889938354492,0,5500.10791015625,14.076000213623049,636.0999755859375
9328,537.8800048828125,7.487500190734863,39.03680038452149,1719,5360.51708984375,25.48733329772949,643.9000244140625
548,32.20000076293945,7.664199829101562,31.38689994812012,35,5685.63916015625,14.866999626159668,636.7000122070312
104,5.0,32.38100051879883,49.52379989624024,19,5594.1962890625,9.972000122070312,639.4000244140625
275,13.0,12.727299690246582,45.81819915771485,4,4692.56689453125,14.57800006866455,645.7000122070312
443,24.0,14.221199989318848,69.97740173339844,52,5085.40625,7.385000228881836,644.7000122070312
10337,540.0499877929688,37.226898193359375,58.5453987121582,1268,5456.197265625,12.343000411987305,643.0999755859375
806,41.52999877929688,7.178800106048584,56.67509841918945,36,5105.1796875,12.4313325881958,644.0999755859375
227,11.600000381469728,18.06170082092285,59.030799865722656,25,5519.67724609375,14.906000137329102,640.2000122070312
8416,391.4200134277344,12.39900016784668,71.91210174560547,1333,5065.9111328125,12.669899940490724,647.2999877929688
149,8.5,19.46310043334961,59.06039810180664,30,5182.42822265625,10.333000183105469,633.7000122070312
220,13.390000343322754,19.13039970397949,52.17390060424805,48,5960.46435546875,11.972000122070312,633.0999755859375
4612,232.97000122070312,17.47610092163086,65.91500091552734,601,5124.83642578125,12.82699966430664,643.4000244140625
590,34.33000183105469,37.436798095703125,70.65769958496094,71,5655.13330078125,10.039999961853027,646.4000244140625
133,7.550000190734863,25.0,72.14289855957031,25,5811.68994140625,13.335000038146973,647.2000122070312
2440,121.23999786376952,7.275899887084961,47.02989959716797,116,5467.673828125,9.854000091552734,646.0
133,6.0,11.194000244140623,35.820899963378906,0,5213.08935546875,11.425999641418455,639.5
519,26.0,16.76300048828125,37.95759963989258,65,4613.1875,15.130999565124512,641.5
222,11.65999984741211,7.589300155639648,40.625,30,4886.98388671875,14.57800006866455,649.7000122070312
285,18.71999931335449,26.64229965209961,76.27739715576172,36,6455.13671875,10.267999649047852,651.2000122070312
3129,147.97999572753906,26.167600631713867,55.79010009765625,471,5125.43310546875,15.592857360839844,645.2000122070312
2019,102.77999877929688,10.252599716186523,40.56460189819336,167,5193.6923828125,11.23799991607666,644.0
5620,267.0,10.309499740600586,55.09389877319336,316,5002.8388671875,15.05137538909912,649.4000244140625
9775,484.5,13.04300022125244,62.50389862060547,1218,5337.62548828125,15.41317653656006,648.2000122070312
246,11.5,9.756099700927734,43.90240097045898,38,5161.2021484375,11.081000328063965,646.0999755859375
7210,360.3500061035156,26.62680053710937,68.85790252685547,800,5158.7919921875,10.097999572753906,651.5999755859375
21338,1051.5799560546875,13.22719955444336,45.994998931884766,2889,5123.47412109375,14.298299789428713,649.5
477,27.0,25.366899490356445,59.53879928588867,27,5782.5439453125,11.803000450134276,643.7999877929688
727,39.900001525878906,10.178799629211426,32.18709945678711,50,4842.60791015625,9.972000122070312,645.7999877929688
374,18.450000762939453,6.684500217437744,7.486599922180176,46,4219.40625,15.409000396728516,643.5999755859375
18255,903.760009765625,11.221699714660645,58.53310012817383,2001,5081.169921875,15.29379940032959,651.0
8787,410.9100036621094,10.022700309753418,32.483001708984375,1058,5144.99365234375,15.532928466796877,648.4000244140625
797,38.0,7.026299953460693,35.75910186767578,60,4674.298828125,16.292999267578125,647.7000122070312
140,7.0,3.5713999271392822,39.28570175170898,40,4830.326171875,12.875,645.0999755859375
235,13.699999809265137,6.808499813079834,67.23400115966797,51,5621.68798828125,16.62299919128418,654.0
8294,371.1000061035156,23.19750022888184,51.56740188598633,1295,4948.8681640625,12.549882888793944,652.7999877929688
2409,108.66000366210938,8.15149974822998,52.12020111083984,354,5100.9755859375,14.25857162475586,652.2999877929688
150,8.25,3.225800037384033,23.225799560546875,16,5132.78857421875,18.326000213623047,643.4000244140625
3981,210.0,41.773399353027344,51.77090072631836,606,5358.51708984375,12.74914264678955,649.2000122070312
2326,117.8000030517578,17.975099563598633,52.25230026245117,345,5149.1865234375,11.425999641418455,648.0999755859375
501,30.5,20.634899139404297,54.76190185546875,163,5373.20654296875,8.829999923706055,647.0999755859375
470,28.270000457763672,31.33049964904785,89.69960021972656,48,6485.166015625,11.175999641418455,645.7999877929688
575,35.099998474121094,26.434799194335938,59.130401611328125,59,5504.025390625,14.227999687194824,646.5
3519,175.3000030517578,5.541299819946289,29.781200408935547,789,5105.734375,15.027000427246094,645.7999877929688
474,26.34000015258789,21.995899200439453,54.98979949951172,61,5634.73095703125,10.520999908447266,647.7000122070312
223,11.5,1.7544000148773191,17.543899536132812,60,4980.29443359375,18.625999450683597,650.0
92,5.599999904632568,13.54170036315918,0.0,22,6113.85986328125,22.52899932861328,645.7000122070312
4971,297.1400146484375,14.709400177001951,55.10079956054688,500,5850.0,18.298389434814453,649.0
2617,107.19499969482422,8.368200302124023,32.36970138549805,226,4547.94482421875,11.885749816894531,650.7000122070312
242,13.25,28.099199295043945,51.65290069580078,32,5011.84033203125,9.925999641418455,648.2999877929688
780,41.150001525878906,16.539400100708008,50.76340103149414,75,5261.37060546875,14.196999549865724,640.7999877929688
324,15.399999618530272,13.003100395202637,58.20429992675781,50,4276.115234375,9.630000114440918,655.9000244140625
140,6.75,7.857100009918213,45.714298248291016,25,4566.27001953125,10.638999938964844,649.4000244140625
181,10.0,25.414400100708008,66.85079956054688,26,6049.4951171875,14.475000381469728,651.7999877929688
516,26.0,9.259300231933594,24.81480026245117,65,4974.28125,13.467000007629396,647.5
108,5.0,3.669699907302856,32.11009979248047,25,4432.47802734375,9.664999961853027,655.7999877929688
419,18.670000076293945,13.953499794006348,50.0,58,4924.619140625,12.708000183105469,647.7999877929688
12567,546.0499877929688,7.62309980392456,40.39950180053711,1099,4603.65966796875,17.822999954223633,652.5999755859375
287,16.170000076293945,3.793100118637085,31.034500122070312,65,5973.92529296875,17.1560001373291,649.5
6201,339.1000061035156,7.179599761962891,47.70249938964844,634,5215.94384765625,19.589635848999023,653.7000122070312
577,29.950000762939453,20.33609962463379,46.05039978027344,134,4882.23681640625,14.196999549865724,647.5
170,7.5,10.588199615478516,32.352901458740234,41,4145.8359375,11.911999702453612,644.5
164,8.5,33.536598205566406,65.85369873046875,36,7542.0380859375,13.38599967956543,649.5999755859375
382,22.0,29.238300323486328,59.21379852294922,75,5247.01806640625,11.553999900817873,651.9000244140625
1221,61.59999847412109,4.340700149536133,25.307100296020508,250,5169.81494140625,19.025999069213867,648.9000244140625
2214,108.3499984741211,12.872599601745604,36.44990158081055,213,5951.005859375,16.406999588012695,650.0999755859375
4523,215.0,5.75190019607544,29.198699951171875,409,4746.572265625,14.05799961090088,653.0999755859375
793,39.79999923706055,4.413599967956543,30.76919937133789,49,4944.09228515625,19.06800079345703,654.5999755859375
1678,88.2699966430664,5.482699871063232,38.20019912719727,254,6306.4873046875,20.770000457763672,651.5
536,22.5,5.5970001220703125,28.171600341796875,35,4260.306640625,10.263999938964844,653.7000122070312
307,15.850000381469728,5.537499904632568,28.664499282836918,36,4718.1630859375,14.57800006866455,653.2999877929688
347,17.5,18.44379997253418,53.602298736572266,56,4751.2998046875,10.20199966430664,652.0999755859375
168,11.010000228881836,29.16670036315918,63.69049835205078,30,5653.45361328125,12.501999855041504,651.7999877929688
532,31.0,10.506600379943848,29.64349937438965,81,5920.25341796875,13.906000137329102,651.2999877929688
3272,150.0,24.02199935913086,76.77259826660156,374,4825.5908203125,9.986000061035156,656.7999877929688
2045,107.20999908447266,12.127099990844728,40.92910003662109,268,5532.58203125,13.711999893188477,650.5999755859375
156,6.050000190734863,10.429400444030762,47.85279846191406,7,3926.069580078125,10.097999572753906,648.5999755859375
1129,61.9900016784668,34.18949890136719,62.26750183105469,164,5805.63671875,11.291000366210938,653.5
3669,201.97000122070312,11.35890007019043,41.05459976196289,500,4899.23974609375,13.225000381469728,656.5
157,9.25,1.8986999988555908,10.12660026550293,19,4884.8623046875,13.630000114440918,655.5
4928,229.1999969482422,8.541999816894531,25.888500213623047,618,5139.9375,14.623000144958496,656.2000122070312
103,5.0,5.825200080871582,23.301000595092773,13,5249.36474609375,8.776000022888184,647.5999755859375
175,10.300000190734863,14.857099533081056,70.28569793701172,17,5399.0703125,10.338000297546388,660.0999755859375
4153,199.8600006103516,7.526899814605713,23.440900802612305,241,4965.2900390625,16.322999954223633,652.7000122070312
280,18.049999237060547,8.695699691772461,56.52170181274414,67,6210.3232421875,10.656332969665527,649.7000122070312
865,43.5,3.084199905395508,12.57409954071045,96,4797.50341796875,14.57800006866455,649.5999755859375
8735,408.2000122070313,7.496600151062012,21.34339904785156,1120,5397.16162109375,18.630599975585938,655.2000122070312
412,20.100000381469727,8.737899780273438,60.92229843139648,72,5078.5,11.116000175476074,657.7000122070312
6373,329.1199951171875,12.678500175476074,36.88999938964844,624,4733.74658203125,14.59766674041748,653.0999755859375
332,18.799999237060547,9.036100387573242,34.03609848022461,73,4963.06005859375,15.493000030517578,657.5999755859375
2903,138.1199951171875,11.126399993896484,34.44710159301758,192,5431.17724609375,16.27199935913086,649.0999755859375
565,29.649999618530277,6.7256999015808105,36.63719940185547,60,5382.0888671875,13.630000114440918,659.7999877929688
586,26.0,7.508500099182129,37.88399887084961,78,5724.44189453125,12.394000053405762,649.5999755859375
5068,240.1000061035156,7.063899993896484,34.23440170288086,626,4843.42724609375,15.331000328063965,655.7999877929688
859,42.84000015258789,16.414400100708008,40.16299819946289,118,5730.34912109375,12.666000366210938,658.7000122070312
145,10.210000038146973,8.275899887084961,20.0,20,5635.7861328125,13.711999893188477,655.2000122070312
649,35.125,3.852099895477295,19.56859970092773,155,5671.6572265625,17.78033447265625,654.4000244140625
1789,96.0,2.962500095367432,56.0088996887207,435,7070.63330078125,10.55666732788086,657.9000244140625
775,37.0,24.903200149536133,61.41939926147461,50,5097.34326171875,10.52299976348877,651.9000244140625
777,36.84999847412109,12.988699913024902,39.84870147705078,148,5482.67724609375,13.243000030517578,650.2000122070312
3518,188.1999969482422,9.77079963684082,49.42689895629883,419,5642.83203125,22.472999572753903,656.9000244140625
19294,924.5700073242189,18.931900024414062,50.97079849243164,2401,5280.0234375,15.684654235839844,656.4000244140625
7661,386.4200134277344,7.805799961090088,32.13679885864258,1158,5433.33984375,23.48374938964844,656.7000122070312
158,8.0,6.329100131988525,25.316499710083008,34,4529.28369140625,11.64900016784668,653.2999877929688
117,6.0,8.403400421142578,36.134498596191406,42,6039.98583984375,16.356000900268555,649.9000244140625
160,8.699999809265137,16.091999053955078,36.78160095214844,37,6168.2294921875,14.074000358581545,642.2000122070312
511,27.200000762939453,27.48539924621582,51.851898193359375,30,5774.97021484375,13.437000274658203,650.9000244140625
2770,140.11000061035156,3.610100030899048,25.559600830078125,296,4806.76171875,18.33799934387207,655.5999755859375
551,28.5,15.234399795532228,51.5625,46,4840.93603515625,11.425999641418455,655.2999877929688
5205,242.5,8.318900108337402,37.29109954833984,474,4954.46630859375,15.749917030334473,660.5
6437,278.8399963378906,2.516700029373169,17.150800704956055,622,4023.53173828125,15.779000282287598,657.2999877929688
1712,81.27999877929686,5.373799800872803,32.65190124511719,122,5179.4111328125,14.062000274658203,659.0
370,19.799999237060547,6.504099845886231,36.31439971923828,56,4385.2294921875,12.173999786376951,652.7000122070312
3182,153.1999969482422,3.5304999351501465,26.943300247192383,328,4777.5126953125,12.899999618530272,662.5
139,7.199999809265137,0.7193999886512756,29.496400833129883,32,4862.79052734375,10.970999717712402,656.2999877929688
11855,588.8400268554688,9.01580047607422,32.765499114990234,1507,5486.02978515625,17.435199737548828,663.2000122070312
1068,51.66999816894531,12.827699661254885,36.79779815673828,129,5486.38232421875,14.760000228881836,656.2000122070312
2295,103.0,4.039500236511231,31.370899200439453,224,4631.24365234375,14.602999687194824,660.4000244140625
1510,73.30000305175781,10.25979995727539,37.10860061645508,141,5189.6279296875,13.522333145141602,656.0
579,27.799999237060547,1.5,31.5,60,4600.6064453125,16.66900062561035,658.7999877929688
1012,52.63999938964844,10.484700202941896,33.63010025024414,140,6735.775390625,13.522250175476074,658.7999877929688
1212,68.6500015258789,18.297199249267575,47.124698638916016,107,5475.1728515625,12.517999649047852,659.4000244140625
119,7.0,4.0,33.599998474121094,23,5990.79443359375,18.326000213623047,658.4000244140625
590,35.76250076293945,7.796599864959717,30.67799949645996,78,7203.24658203125,11.465999603271484,647.0999755859375
546,27.600000381469727,13.919400215148926,54.76190185546875,60,4777.76904296875,10.097999572753906,660.5999755859375
248,11.119999885559082,7.462699890136719,21.268699645996094,51,4302.8349609375,15.364999771118164,652.7999877929688
461,26.0,14.470800399780272,48.81209945678711,150,5630.19482421875,10.31133270263672,654.5999755859375
6312,308.67999267578125,9.837900161743164,22.69300079345703,496,4708.625,16.98662567138672,659.7999877929688
285,13.989999771118164,7.241399765014648,66.20690155029297,62,5629.96142578125,9.612000465393066,661.5999755859375
2325,115.3000030517578,2.881700038909912,15.65590000152588,302,4890.98681640625,21.11050033569336,660.9000244140625
11885,549.8400268554688,10.197699546813965,30.441699981689453,1790,4929.39306640625,16.473312377929688,664.0999755859375
564,27.43000030517578,6.896599769592285,21.37929916381836,46,4905.22119140625,18.36899948120117,650.7999877929688
12380,620.3800048828125,12.29520034790039,31.01889991760254,1671,5156.85693359375,16.654111862182617,663.5999755859375
3772,178.05999755859375,3.371999979019165,18.387800216674805,529,4941.78759765625,18.54422187805176,658.2999877929688
895,47.58000183105469,17.553199768066406,42.4468002319336,70,5408.78173828125,14.18000030517578,661.0
5714,277.6700134277344,10.534299850463867,30.06909942626953,489,4981.3876953125,18.02955436706543,659.5
105,5.730000019073486,0.0,0.0,16,4877.08642578125,13.586000442504885,661.2999877929688
1449,76.98999786376953,16.52790069580078,42.60089874267578,125,5111.7392578125,12.640000343322754,663.5
510,24.5,20.392200469970703,45.88240051269531,95,5201.515625,11.102999687194824,661.7000122070312
160,8.0,11.25,56.875,39,4138.3056640625,7.5,673.4000244140625
433,22.0,9.336099624633787,25.103700637817383,50,5743.59716796875,15.505999565124512,659.5
3186,164.30999755859375,5.45389986038208,44.39070129394531,411,5702.705078125,22.84140014648437,661.5
5010,239.3999938964844,5.298900127410889,27.35449981689453,576,4802.15283203125,19.8231258392334,663.4000244140625
717,35.95000076293945,8.888899803161621,24.72220039367676,100,5442.14306640625,16.347000122070312,655.7000122070312
3548,170.64999389648438,3.259999990463257,14.850899696350098,335,4522.37548828125,16.292999267578125,667.0
868,45.20000076293945,16.58989906311035,29.838699340820312,78,4965.80810546875,13.248000144958496,663.0
507,26.649999618530277,13.203900337219238,37.087398529052734,60,5358.326171875,14.010000228881836,658.4000244140625
822,46.650001525878906,8.073800086975098,25.605499267578125,105,5784.625,14.163000106811523,657.5
1792,88.55000305175781,3.125,20.926300048828125,143,5072.70458984375,15.770999908447266,659.2999877929688
1202,62.29999923706055,12.076899528503418,35.84619903564453,190,5556.041015625,14.483332633972168,662.5999755859375
515,27.350000381469727,16.116500854492188,26.213600158691406,58,5190.31005859375,14.208999633789062,666.7999877929688
1354,66.56999969482422,12.038399696350098,36.484500885009766,263,5211.4853515625,15.166999816894531,661.2999877929688
1252,65.11000061035156,9.451199531555176,43.21649932861328,113,5284.1640625,12.584250450134276,668.2999877929688
823,46.0,13.851799964904783,55.28549957275391,127,5331.9208984375,10.550999641418455,670.0999755859375
2231,114.3000030517578,2.916100025177002,13.369199752807615,258,5599.60791015625,16.95599937438965,661.7999877929688
271,14.199999809265137,4.467400074005127,25.42959976196289,81,4881.8994140625,17.708999633789062,659.2999877929688
309,15.5,4.207099914550781,32.68610000610352,85,4700.43212890625,16.27199935913086,657.0
3005,159.22000122070312,8.619000434875488,33.810298919677734,308,5650.0,17.900800704956055,661.5999755859375
966,47.959999084472656,20.95809936523437,47.30540084838867,114,5318.24072265625,11.833999633789062,654.5999755859375
7710,327.29998779296875,4.4721999168396,15.92990016937256,814,4709.05419921875,18.62019920349121,665.4000244140625
762,35.5,10.810799598693848,30.373199462890625,54,5143.1904296875,12.430999755859377,665.7999877929688
1708,89.0,8.489500045776367,29.0398006439209,206,5133.009765625,15.166999816894531,663.9000244140625
9850,489.2999877929688,3.3350000381469727,30.643699645996094,1113,5081.45556640625,20.87574958801269,665.7999877929688
129,5.0,9.302300453186035,50.38759994506836,10,4016.416259765625,10.638999938964844,662.2999877929688
10619,565.510009765625,2.5383999347686768,28.37660026550293,1150,5374.05029296875,25.029619216918945,664.0
4521,236.5800018310547,3.705199956893921,31.082799911499023,494,5427.548828125,16.757801055908203,663.4000244140625
580,29.440000534057617,11.896599769592283,30.172399520874023,114,5179.64453125,15.29699993133545,674.2000122070312
2569,138.0,5.486400127410889,24.747100830078125,326,5400.0,17.36944580078125,660.9000244140625
6022,286.79998779296875,6.394999980926514,36.000701904296875,756,5726.146484375,22.09600067138672,667.4000244140625
670,33.5,0.4160999953746795,13.869600296020508,47,5003.8701171875,22.84199905395508,661.5
14708,700.9400024414064,13.530099868774414,45.7234001159668,1962,4969.51123046875,18.31987571716309,667.4000244140625
6601,305.0,1.1967999935150146,15.088600158691406,706,4747.2958984375,25.030000686645508,664.0
675,33.70000076293945,0.0,31.851900100708008,87,4543.30517578125,21.957000732421875,663.4000244140625
2458,124.06999969482422,6.018700122833252,24.603500366210938,193,5229.59130859375,18.79683303833008,665.2999877929688
144,8.0,4.1666998863220215,44.44440078735352,14,4507.35302734375,10.638999938964844,660.4000244140625
573,29.600000381469727,6.993000030517578,15.209799766540527,48,5302.6279296875,17.507999420166016,661.2999877929688
721,35.72999954223633,1.8494000434875488,18.49410057067871,82,5545.6103515625,18.593000411987305,664.0999755859375
992,46.970001220703125,3.72979998588562,22.883100509643555,160,4615.90869140625,11.116000175476074,661.9000244140625
8432,360.5,6.392300128936768,22.98390007019043,0,5397.689453125,14.09766674041748,669.5
244,11.0,15.573800086975098,40.16389846801758,15,5118.373046875,12.640000343322754,661.2000122070312
7116,356.82000732421875,2.5989999771118164,13.276200294494627,785,5008.07080078125,20.93642807006836,665.7999877929688
830,46.65999984741211,10.41189956665039,32.608699798583984,95,4906.0302734375,14.18000030517578,671.2999877929688
160,10.880000114440918,13.375800132751465,53.50320053100586,38,6870.34619140625,11.826000213623049,666.7999877929688
1588,83.4000015258789,6.798500061035156,20.58099937438965,220,5301.71630859375,18.67099952697754,662.4000244140625
2272,108.75,4.049300193786621,16.065099716186523,307,5182.36572265625,17.332000732421875,666.5999755859375
1425,71.83000183105469,5.092599868774414,19.8302001953125,65,4999.46875,17.507999420166016,664.5999755859375
245,12.550000190734863,8.979599952697754,13.061200141906738,30,6732.06640625,15.571999549865724,662.7000122070312
1349,65.2125015258789,2.001499891281128,8.673100471496582,259,4612.98974609375,15.56725025177002,667.9000244140625
400,22.0,13.80090045928955,29.86429977416992,65,5478.845703125,15.751999855041504,666.0
4632,245.17999267578125,7.037000179290772,23.642000198364254,637,5666.7138671875,20.46999931335449,666.5999755859375
224,9.0,5.357100009918213,35.26789855957031,15,4742.51416015625,9.708999633789062,675.7000122070312
576,31.0,3.9930999279022217,28.125,92,4907.392578125,11.116000175476074,671.0
451,25.0,8.647500038146973,11.751700401306152,75,5700.40234375,16.320999145507812,664.5
900,50.75,2.101799964904785,24.336299896240234,145,5191.83447265625,21.96699905395508,668.5
118,5.5,8.33329963684082,51.66669845581055,10,4451.2568359375,8.934000015258789,669.0999755859375
1457,73.12999725341797,5.9822998046875,42.9640007019043,0,5627.52783203125,19.996999740600582,671.5999755859375
4734,232.75,2.607800006866455,19.372499465942383,586,4922.93994140625,18.82723045349121,672.4000244140625
3303,146.5,4.662399768829346,16.954299926757812,379,4969.380859375,18.11866569519043,672.0999755859375
6055,286.9200134277344,5.613399982452393,30.085100173950195,540,4829.71728515625,23.667375564575195,669.7000122070312
424,23.299999237060547,3.5376999378204346,15.3302001953125,39,6716.69287109375,22.138999938964844,657.7000122070312
2801,139.3000030517578,5.033899784088135,23.098899841308597,615,5205.94189453125,20.54599952697754,665.4000244140625
187,9.760000228881836,17.553199768066406,44.68090057373047,37,4357.826171875,9.484999656677246,674.0999755859375
129,6.599999904632568,13.953499794006348,27.131799697875977,17,5195.9189453125,11.833999633789062,669.5
188,9.0,6.382999897003174,36.70209884643555,41,6002.07177734375,18.798999786376957,666.5
1212,65.9000015258789,22.194700241088867,46.122100830078125,116,5090.587890625,10.550999641418455,670.7000122070312
2596,135.35000610351562,3.004600048065185,19.530000686645508,249,5112.39013671875,15.519000053405762,670.7999877929688
4925,253.89599609375,3.821099996566773,12.174799919128418,753,5287.35498046875,21.63172721862793,668.5999755859375
6257,288.6300048828125,2.1635000705718994,15.512800216674805,930,4889.47998046875,21.09575080871582,671.2999877929688
868,45.0,4.723499774932861,19.00919914245605,122,5118.13037109375,15.166999816894531,668.0
3787,186.1000061035156,3.247999906539917,8.344300270080566,934,5119.123046875,19.117000579833984,668.2999877929688
6423,306.3800048828125,2.9298999309539795,14.265999794006348,855,4792.21142578125,17.6200008392334,671.7999877929688
678,34.84000015258789,2.5074000358581543,15.929200172424316,47,5450.103515625,15.166999816894531,665.7000122070312
162,8.399999618530273,16.9591007232666,33.91809844970703,23,5210.724609375,10.642999649047852,663.5999755859375
8529,407.7000122070313,2.192500114440918,11.701299667358398,834,4715.44580078125,20.73905563354492,674.5999755859375
1862,89.08999633789062,2.829699993133545,21.08919906616211,231,4632.068359375,21.56599998474121,670.7000122070312
1452,70.5,2.4260001182556152,10.414199829101562,183,5028.5615234375,17.6560001373291,664.2000122070312
155,8.0,0.6452000141143799,12.258099555969238,32,5695.466796875,17.708999633789062,671.5999755859375
2536,127.11000061035156,2.0327999591827397,2.0327999591827397,343,4504.294921875,27.81599998474121,668.0
567,30.07999992370605,4.895100116729736,29.020999908447266,103,5156.43701171875,18.593000411987305,670.2000122070312
953,52.59999847412109,7.987599849700928,33.921199798583984,135,5433.51416015625,14.262999534606934,676.5
296,15.43000030517578,5.592100143432617,25.986799240112305,42,5254.6318359375,22.757999420166016,670.0999755859375
198,9.0,2.450999975204468,12.745100021362305,24,4593.19677734375,12.640000343322754,672.2000122070312
218,10.100000381469728,2.2421998977661133,25.11210060119629,49,4320.6787109375,11.23799991607666,675.7000122070312
734,36.0,2.024300098419189,12.820500373840332,117,4920.77734375,16.95599937438965,669.2999877929688
189,11.600000381469728,2.072499990463257,32.1244010925293,50,6905.869140625,17.708999633789062,667.0
2528,138.30999755859375,1.3421000242233276,2.4456000328063965,482,5729.904296875,25.621999740600582,671.5
2987,154.1699981689453,2.042200088500977,11.18179988861084,290,4825.2021484375,18.72599983215332,670.5
208,11.0,9.389699935913086,32.863800048828125,21,5388.17041015625,13.442999839782717,666.5999755859375
379,23.100000381469727,2.902400016784668,22.16360092163086,29,5133.8271484375,15.18000030517578,676.5999755859375
145,9.300000190734863,6.206900119781494,0.0,27,5346.15625,19.117000579833984,677.2999877929688
706,37.7400016784668,2.5936999320983887,23.054800033569336,103,4789.30908203125,13.711999893188477,672.5
878,47.900001525878906,1.375,15.75,105,5329.7822265625,17.507999420166016,669.7999877929688
594,33.18000030517578,12.26889991760254,25.37820053100586,75,5371.1728515625,11.833999633789062,668.4000244140625
139,7.349999904632568,20.863300323486328,66.90650177001953,40,5771.3837890625,13.27299976348877,672.2000122070312
2089,102.77999877929688,2.5185000896453857,14.036999702453612,318,4993.634765625,16.356000900268555,679.2999877929688
326,16.280000686645508,4.29449987411499,11.04290008544922,42,4854.0380859375,18.625999450683597,679.9000244140625
516,21.5,0.968999981880188,27.71319961547852,50,4392.6796875,23.732999801635746,673.2000122070312
449,25.5,12.727299690246582,48.48479843139648,50,5884.43212890625,12.934000015258787,681.0999755859375
297,15.350000381469728,2.3568999767303467,4.04040002822876,70,4273.9931640625,13.906000137329102,675.5
1579,80.23999786376953,5.555600166320801,21.78030014038086,165,5146.7841796875,15.428000450134276,677.4000244140625
383,20.450000762939453,6.005199909210205,10.18280029296875,49,5351.52294921875,15.380999565124512,673.2000122070312
81,5.099999904632568,3.614500045776367,0.0,14,7667.57177734375,22.52899932861328,671.5
5259,262.2300109863281,2.395900011062622,19.091100692749023,701,5281.708984375,23.80609893798828,678.5999755859375
1960,108.95999908447266,1.941699981689453,3.730200052261353,223,5368.5029296875,24.60300064086914,674.7000122070312
151,8.899999618530273,2.6489999294281006,8.609299659729004,31,6429.25732421875,36.17399978637695,682.2000122070312
946,49.16999816894531,2.178400039672852,6.535299777984619,310,5387.458984375,33.45500183105469,676.2000122070312
2707,141.02000427246094,5.139599800109863,19.23080062866211,300,5235.77490234375,20.480222702026367,680.7999877929688
919,46.88999938964844,1.049299955368042,0.0,141,4829.896484375,20.13400077819824,679.4000244140625
945,46.0,4.2399001121521,10.65149974822998,216,5088.7080078125,19.34650039672852,674.4000244140625
738,39.70199966430664,0.0,0.6775000095367432,220,5390.1181640625,36.17399978637695,676.7000122070312
164,10.510000228881836,2.35290002822876,12.941200256347656,35,6588.4306640625,22.86333465576172,679.7999877929688
167,10.920000076293944,0.520799994468689,11.45829963684082,29,6196.69482421875,17.708999633789062,681.7999877929688
125,7.079999923706055,4.0,14.399999618530272,25,4645.4130859375,14.177000045776367,674.7000122070312
1091,62.060001373291016,0.5367000102996826,0.5367000102996826,113,6489.9287109375,41.09299850463867,674.0
134,6.0,0.7462999820709229,3.731300115585327,27,5094.958984375,21.957000732421875,682.5
600,32.0,2.694099903106689,29.318500518798828,55,4841.95849609375,16.06399917602539,684.9000244140625
1803,99.5999984741211,1.9242000579833984,3.621999979019165,283,6315.3125,25.73699951171875,679.5
158,7.800000190734863,13.75,16.25,15,5399.38330078125,20.474000930786133,678.0
2392,127.22000122070312,1.42139995098114,6.270899772644043,439,5429.4736328125,35.810001373291016,684.2999877929688
526,28.020000457763672,3.99239993095398,11.406800270080566,33,5644.2861328125,13.56700038909912,682.2999877929688
141,6.909999847412109,10.071900367736816,9.352499961853027,44,6060.2568359375,20.089000701904297,688.2000122070312
235,12.600000381469728,4.660999774932861,5.932199954986572,30,5319.5537109375,18.28300094604492,680.2000122070312
3280,158.39999389648438,2.7523000240325928,7.859300136566162,406,4819.90380859375,25.239715576171875,687.4000244140625
1254,57.0,1.5822999477386477,12.5,0,5208.22607421875,25.0629997253418,683.7000122070312
948,53.560001373291016,1.7932000160217283,1.8986999988555908,155,5859.96484375,30.62849998474121,679.9000244140625
15228,708.8300170898438,1.715399980545044,4.690899848937988,2232,4962.73681640625,27.475215911865234,690.2999877929688
81,4.849999904632568,13.253000259399414,20.48189926147461,21,7614.37939453125,30.84000015258789,681.2999877929688
2768,141.39999389648438,0.4481000006198883,2.792099952697754,540,5566.4677734375,34.15950012207031,686.5999755859375
535,31.0,0.0799999982118606,0.7200000286102295,84,7039.94921875,43.22999954223633,688.5999755859375
2542,146.3000030517578,0.8260999917984009,9.67739963531494,404,6604.06396484375,27.94775009155273,695.0
1940,111.81999969482422,0.4124000072479248,3.9175000190734863,265,6180.14892578125,49.93899917602539,690.0999755859375
1059,65.12000274658203,0.8499000072479248,1.4163999557495115,272,6460.6572265625,55.32799911499024,692.0
2340,132.1999969482422,1.5812000036239624,2.4358999729156494,403,6415.35498046875,35.48099899291992,694.9000244140625
3469,172.33999633789062,0.0,0.1733999997377395,496,5230.876953125,34.30099868774414,691.7000122070312
2106,115.3000030517578,1.7094000577926636,2.611599922180176,300,5838.171875,38.62857055664063,695.2999877929688
478,32.869998931884766,0.0,0.0,112,7711.5068359375,35.34199905395508,689.2999877929688
1885,98.41999816894533,0.0505999997258186,0.303299993276596,241,5592.76513671875,31.052000045776367,695.7000122070312
2422,139.47000122070312,0.0,0.1238999962806701,466,5933.154296875,40.26399993896485,697.2999877929688
1318,87.05999755859375,0.1517000049352646,0.0,412,7593.40576171875,35.810001373291016,701.0999755859375
220,12.329999923706056,0.4544999897480011,0.0,22,6500.44970703125,43.22999954223633,703.5999755859375
687,44.59000015258789,0.3048999905586242,0.0,209,7217.26318359375,50.67699813842773,699.9000244140625
2341,124.08999633789062,0.1709000021219253,0.5979999899864197,286,5392.638671875,40.402000427246094,701.7000122070312
984,59.72999954223633,0.1015999987721443,3.5569000244140625,195,7290.3388671875,28.71699905395508,707.7000122070312
3724,208.47999572753903,1.0741000175476074,1.5038000345230105,721,5741.462890625,41.734107971191406,709.5
441,20.149999618530277,3.563499927520752,37.19380187988281,45,4402.83154296875,23.732999801635746,641.7000122070312
101,5.0,11.881199836730955,59.40589904785156,14,4776.33642578125,9.95199966430664,676.5
1778,93.4000015258789,6.923500061035156,47.57120132446289,313,5993.392578125,12.501999855041504,651.0
